"County","Year","Total.Revenues","Estimated.Population","Revenues.Per.Capita","AcresBurned","StructuresDestroyed"
"alameda",2013,2366341383,1548681,1528,240,NA
"alameda",2013,2366341383,1548681,1528,50,NA
"alameda",2013,2366341383,1548681,1528,150,NA
"alameda",2013,2366341383,1548681,1528,38,NA
"alameda",2015,2459908014,1594569,1543,2700,NA
"alameda",2015,2459908014,1594569,1543,45,NA
"alameda",2015,2459908014,1594569,1543,53,NA
"alameda",2015,2459908014,1594569,1543,300,NA
"alameda",2015,2459908014,1594569,1543,242,NA
"alameda",2016,2638195535,1627865,1621,211,NA
"alameda",2017,2949248612,1645359,1792,200,NA
"alameda",2017,2949248612,1645359,1792,116,NA
"alameda",2017,2949248612,1645359,1792,22,NA
"alameda",2017,2949248612,1645359,1792,44,NA
"alameda",2017,2949248612,1645359,1792,155,NA
"alameda",2018,3057808028,1660202,1842,640,NA
"alameda",2018,3057808028,1660202,1842,34,NA
"alameda",2018,3057808028,1660202,1842,30,NA
"alameda",2018,3057808028,1660202,1842,48,NA
"alameda",2018,3057808028,1660202,1842,20,NA
"alameda",2018,3057808028,1660202,1842,484,1
"alameda",2018,3057808028,1660202,1842,12,NA
"alameda",2018,3057808028,1660202,1842,20,NA
"alameda",2019,3609996506,1669301,2163,12,NA
"alameda",2019,3609996506,1669301,2163,11,NA
"alameda",2019,3609996506,1669301,2163,35,NA
"alameda",2019,3609996506,1669301,2163,22,NA
"alameda",2019,3609996506,1669301,2163,240,NA
"alameda",2019,3609996506,1669301,2163,19,NA
"alameda",2019,3609996506,1669301,2163,30,NA
"alameda",2019,3609996506,1669301,2163,139,NA
"alpine",2015,16682857,1121,14882,0,NA
"alpine",2016,17024071,1166,14600,0,NA
"amador",2013,57628482,36741,1569,96,NA
"amador",2014,63278973,36151,1750,4240,67
"amador",2015,69467537,36312,1913,60,NA
"amador",2015,69467537,36312,1913,355,NA
"amador",2016,67084790,37707,1779,372,NA
"amador",2016,67084790,37707,1779,19,NA
"amador",2016,67084790,37707,1779,210,NA
"amador",2016,67084790,37707,1779,26,NA
"amador",2016,67084790,37707,1779,45,NA
"amador",2017,73472682,38382,1914,10,NA
"amador",2018,77617058,38094,2038,825,1
"amador",2018,77617058,38094,2038,17,NA
"amador",2019,91942520,38294,2401,10,NA
"butte",2013,347423855,221485,1569,72,NA
"butte",2013,347423855,221485,1569,150,NA
"butte",2013,347423855,221485,1569,305,4
"butte",2013,347423855,221485,1569,92,NA
"butte",2013,347423855,221485,1569,2462,7
"butte",2013,347423855,221485,1569,298,9
"butte",2013,347423855,221485,1569,80,NA
"butte",2014,339367456,222316,1527,72,NA
"butte",2014,339367456,222316,1527,60,NA
"butte",2014,339367456,222316,1527,389,NA
"butte",2015,364962980,224323,1627,400,16
"butte",2015,364962980,224323,1627,860,NA
"butte",2015,364962980,224323,1627,72,1
"butte",2015,364962980,224323,1627,1042,NA
"butte",2015,364962980,224323,1627,104,NA
"butte",2015,364962980,224323,1627,75,NA
"butte",2016,369579116,224601,1645,49,NA
"butte",2016,369579116,224601,1645,130,NA
"butte",2016,369579116,224601,1645,35,NA
"butte",2016,369579116,224601,1645,88,NA
"butte",2016,369579116,224601,1645,30,NA
"butte",2016,369579116,224601,1645,112,NA
"butte",2016,369579116,224601,1645,91,NA
"butte",2016,369579116,224601,1645,30,NA
"butte",2016,369579116,224601,1645,550,NA
"butte",2016,369579116,224601,1645,850,3
"butte",2017,405180116,226404,1790,6151,74
"butte",2017,405180116,226404,1790,103,NA
"butte",2017,405180116,226404,1790,12,NA
"butte",2017,405180116,226404,1790,150,NA
"butte",2017,405180116,226404,1790,10,NA
"butte",2017,405180116,226404,1790,143,NA
"butte",2017,405180116,226404,1790,134,NA
"butte",2017,405180116,226404,1790,14,NA
"butte",2017,405180116,226404,1790,8417,6
"butte",2017,405180116,226404,1790,111,NA
"butte",2017,405180116,226404,1790,21,NA
"butte",2017,405180116,226404,1790,4016,54
"butte",2017,405180116,226404,1790,166,NA
"butte",2017,405180116,226404,1790,6033,41
"butte",2017,405180116,226404,1790,91,NA
"butte",2017,405180116,226404,1790,0,NA
"butte",2017,405180116,226404,1790,28,NA
"butte",2017,405180116,226404,1790,18,NA
"butte",2018,423294813,227621,1860,550,NA
"butte",2018,423294813,227621,1860,962,NA
"butte",2018,423294813,227621,1860,20,NA
"butte",2018,423294813,227621,1860,10,NA
"butte",2018,423294813,227621,1860,40,NA
"butte",2018,423294813,227621,1860,10,NA
"butte",2018,423294813,227621,1860,347,NA
"butte",2018,423294813,227621,1860,153336,18804
"butte",2018,423294813,227621,1860,0,NA
"butte",2018,423294813,227621,1860,191,NA
"butte",2018,423294813,227621,1860,11,NA
"butte",2018,423294813,227621,1860,43,NA
"butte",2018,423294813,227621,1860,33,NA
"butte",2019,462029993,226466,2040,17,NA
"butte",2019,462029993,226466,2040,300,NA
"butte",2019,462029993,226466,2040,12,NA
"butte",2019,462029993,226466,2040,496,2
"butte",2019,462029993,226466,2040,80,NA
"butte",2019,462029993,226466,2040,10,NA
"butte",2019,462029993,226466,2040,58,NA
"butte",2019,462029993,226466,2040,50,NA
"butte",2019,462029993,226466,2040,10,NA
"calaveras",2013,90279898,44932,2009,46,NA
"calaveras",2013,90279898,44932,2009,31,NA
"calaveras",2014,77973970,44650,1746,85,1
"calaveras",2014,77973970,44650,1746,120,NA
"calaveras",2015,81676412,45668,1788,114,NA
"calaveras",2016,86883793,45207,1922,310,NA
"calaveras",2016,86883793,45207,1922,341,NA
"calaveras",2016,86883793,45207,1922,35,NA
"calaveras",2016,86883793,45207,1922,33,NA
"calaveras",2016,86883793,45207,1922,450,NA
"calaveras",2016,86883793,45207,1922,57,NA
"calaveras",2016,86883793,45207,1922,83,2
"calaveras",2017,103847016,45168,2299,22,NA
"calaveras",2017,103847016,45168,2299,15,NA
"calaveras",2017,103847016,45168,2299,59,NA
"calaveras",2017,103847016,45168,2299,117,NA
"calaveras",2017,103847016,45168,2299,130,4
"calaveras",2018,111775477,45157,2475,136,NA
"calaveras",2018,111775477,45157,2475,80,2
"calaveras",2018,111775477,45157,2475,290,NA
"calaveras",2019,105939142,45117,2348,27,NA
"calaveras",2019,105939142,45117,2348,67,NA
"colusa",2013,57956739,21674,2674,28,NA
"colusa",2017,56417543,22043,2559,70,NA
"colusa",2018,61167967,22098,2768,75,NA
"colusa",2018,61167967,22098,2768,48920,35
"colusa",2018,61167967,22098,2768,410203,246
"colusa",2019,66171628,22117,2992,20,NA
"contra costa",2013,2221080341,1074702,2067,3111,NA
"contra costa",2013,2221080341,1074702,2067,274,NA
"contra costa",2013,2221080341,1074702,2067,492,NA
"contra costa",2014,2333410531,1087008,2147,80,NA
"contra costa",2015,2711238104,1102871,2458,195,NA
"contra costa",2016,2793581608,1123429,2487,40,NA
"contra costa",2017,3072465406,1139513,2696,370,NA
"contra costa",2017,3072465406,1139513,2696,231,NA
"contra costa",2017,3072465406,1139513,2696,20,NA
"contra costa",2018,3228395078,1149363,2809,56,NA
"contra costa",2018,3228395078,1149363,2809,268,NA
"contra costa",2018,3228395078,1149363,2809,20,NA
"contra costa",2018,3228395078,1149363,2809,23,NA
"contra costa",2018,3228395078,1149363,2809,247,1
"contra costa",2018,3228395078,1149363,2809,30,NA
"contra costa",2018,3228395078,1149363,2809,25,NA
"contra costa",2018,3228395078,1149363,2809,40,NA
"contra costa",2018,3228395078,1149363,2809,45,NA
"contra costa",2019,3693227329,1155879,3195,150,NA
"contra costa",2019,3693227329,1155879,3195,40,NA
"contra costa",2019,3693227329,1155879,3195,757,NA
"contra costa",2019,3693227329,1155879,3195,24,NA
"contra costa",2019,3693227329,1155879,3195,15,NA
"contra costa",2019,3693227329,1155879,3195,50,NA
"contra costa",2019,3693227329,1155879,3195,200,NA
"contra costa",2019,3693227329,1155879,3195,58,NA
"contra costa",2019,3693227329,1155879,3195,23,NA
"del norte",2015,68798879,28031,2454,30361,NA
"del norte",2015,68798879,28031,2454,7509,NA
"del norte",2016,71405306,26811,2663,150,NA
"del norte",2017,68538964,27124,2527,40,NA
"del norte",2017,68538964,27124,2527,28,NA
"del norte",2017,68538964,27124,2527,319,NA
"el dorado",2013,284773753,182286,1562,572,NA
"el dorado",2013,284773753,182286,1562,116,1
"el dorado",2013,284773753,182286,1562,163,NA
"el dorado",2013,284773753,182286,1562,38,NA
"el dorado",2014,293637831,182404,1610,4240,67
"el dorado",2014,293637831,182404,1610,94,NA
"el dorado",2014,293637831,182404,1610,20,NA
"el dorado",2014,293637831,182404,1610,97717,80
"el dorado",2014,293637831,182404,1610,30,NA
"el dorado",2015,291471085,184917,1576,25,NA
"el dorado",2015,291471085,184917,1576,75,NA
"el dorado",2015,291471085,184917,1576,35,NA
"el dorado",2016,310061101,183750,1687,5646,NA
"el dorado",2016,310061101,183750,1687,25,NA
"el dorado",2016,310061101,183750,1687,176,NA
"el dorado",2016,310061101,183750,1687,25,NA
"el dorado",2016,310061101,183750,1687,50,NA
"el dorado",2017,320597586,185062,1732,426,NA
"el dorado",2017,320597586,185062,1732,140,NA
"el dorado",2017,320597586,185062,1732,80,NA
"el dorado",2017,320597586,185062,1732,74,NA
"el dorado",2017,320597586,185062,1732,13,NA
"el dorado",2017,320597586,185062,1732,136,NA
"el dorado",2017,320597586,185062,1732,236,NA
"el dorado",2017,320597586,185062,1732,13,NA
"el dorado",2017,320597586,185062,1732,29,NA
"el dorado",2018,333516608,188399,1770,150,NA
"el dorado",2018,333516608,188399,1770,67,NA
"el dorado",2018,333516608,188399,1770,316,NA
"el dorado",2018,333516608,188399,1770,66,1
"el dorado",2018,333516608,188399,1770,12,4
"el dorado",2019,447199542,191848,2331,85,4
"el dorado",2019,447199542,191848,2331,22,NA
"el dorado",2019,447199542,191848,2331,3435,NA
"el dorado",2019,447199542,191848,2331,35,NA
"el dorado",2019,447199542,191848,2331,16,NA
"el dorado",2019,447199542,191848,2331,13,NA
"fresno",2013,1268655618,952166,1332,150,NA
"fresno",2013,1268655618,952166,1332,35,NA
"fresno",2013,1268655618,952166,1332,108,NA
"fresno",2013,1268655618,952166,1332,46,NA
"fresno",2013,1268655618,952166,1332,80,NA
"fresno",2013,1268655618,952166,1332,22992,NA
"fresno",2014,1318767726,964040,1368,106,NA
"fresno",2014,1318767726,964040,1368,25,NA
"fresno",2014,1318767726,964040,1368,40,1
"fresno",2015,1376617063,972297,1416,45,NA
"fresno",2015,1376617063,972297,1416,170,NA
"fresno",2015,1376617063,972297,1416,151623,NA
"fresno",2015,1376617063,972297,1416,60,NA
"fresno",2016,1488440576,984541,1512,278,NA
"fresno",2016,1488440576,984541,1512,151,NA
"fresno",2016,1488440576,984541,1512,2241,4
"fresno",2016,1488440576,984541,1512,2944,NA
"fresno",2016,1488440576,984541,1512,132,NA
"fresno",2016,1488440576,984541,1512,70,NA
"fresno",2016,1488440576,984541,1512,158,NA
"fresno",2016,1488440576,984541,1512,123,NA
"fresno",2016,1488440576,984541,1512,145,NA
"fresno",2016,1488440576,984541,1512,188,NA
"fresno",2016,1488440576,984541,1512,7050,2
"fresno",2016,1488440576,984541,1512,2100,NA
"fresno",2017,1683934000,995975,1691,10343,NA
"fresno",2017,1683934000,995975,1691,1649,NA
"fresno",2017,1683934000,995975,1691,186,NA
"fresno",2017,1683934000,995975,1691,16,NA
"fresno",2017,1683934000,995975,1691,1538,NA
"fresno",2017,1683934000,995975,1691,450,NA
"fresno",2017,1683934000,995975,1691,70,NA
"fresno",2017,1683934000,995975,1691,58,3
"fresno",2017,1683934000,995975,1691,76,NA
"fresno",2017,1683934000,995975,1691,126,NA
"fresno",2017,1683934000,995975,1691,69,NA
"fresno",2017,1683934000,995975,1691,31,NA
"fresno",2017,1683934000,995975,1691,357,NA
"fresno",2017,1683934000,995975,1691,91,5
"fresno",2017,1683934000,995975,1691,400,NA
"fresno",2017,1683934000,995975,1691,102,NA
"fresno",2017,1683934000,995975,1691,5738,NA
"fresno",2017,1683934000,995975,1691,237,NA
"fresno",2017,1683934000,995975,1691,100,NA
"fresno",2017,1683934000,995975,1691,18,NA
"fresno",2017,1683934000,995975,1691,57,NA
"fresno",2017,1683934000,995975,1691,111,NA
"fresno",2017,1683934000,995975,1691,976,NA
"fresno",2017,1683934000,995975,1691,10,NA
"fresno",2018,1770913000,1007229,1758,32,NA
"fresno",2018,1770913000,1007229,1758,13,NA
"fresno",2018,1770913000,1007229,1758,108,NA
"fresno",2018,1770913000,1007229,1758,76,NA
"fresno",2018,1770913000,1007229,1758,30,NA
"fresno",2019,1936296000,1018241,1902,121,NA
"fresno",2019,1936296000,1018241,1902,137,NA
"fresno",2019,1936296000,1018241,1902,25,NA
"glenn",2013,68574194,28349,2419,226,NA
"glenn",2013,68574194,28349,2419,217,NA
"glenn",2017,74713016,28731,2600,0,NA
"glenn",2018,84691057,28796,2941,410203,246
"glenn",2018,84691057,28796,2941,75,NA
"glenn",2018,84691057,28796,2941,127,NA
"glenn",2018,84691057,28796,2941,2290,1
"glenn",2019,91677332,29132,3147,63,NA
"humboldt",2013,237749673,135209,1758,0,NA
"humboldt",2013,237749673,135209,1758,12503,NA
"humboldt",2014,255394014,134648,1897,18,NA
"humboldt",2014,255394014,134648,1897,37,NA
"humboldt",2014,255394014,134648,1897,333,NA
"humboldt",2014,255394014,134648,1897,210,NA
"humboldt",2015,263699647,134398,1962,158,NA
"humboldt",2015,263699647,134398,1962,20,NA
"humboldt",2015,263699647,134398,1962,16,NA
"humboldt",2015,263699647,134398,1962,146,NA
"humboldt",2015,263699647,134398,1962,4883,7
"humboldt",2016,278719066,135116,2063,599,3
"humboldt",2016,278719066,135116,2063,23,NA
"humboldt",2016,278719066,135116,2063,21,NA
"humboldt",2017,307219596,136953,2243,19,NA
"humboldt",2017,307219596,136953,2243,34,NA
"humboldt",2017,307219596,136953,2243,20,NA
"humboldt",2017,307219596,136953,2243,30,NA
"humboldt",2017,307219596,136953,2243,40,NA
"humboldt",2017,307219596,136953,2243,85,NA
"humboldt",2018,367766900,136002,2704,10,NA
"humboldt",2018,367766900,136002,2704,3674,NA
"humboldt",2018,367766900,136002,2704,0,NA
"humboldt",2018,367766900,136002,2704,16,NA
"humboldt",2019,388436302,135333,2870,30,NA
"inyo",2013,66259711,18573,3568,406,0
"inyo",2014,68985619,18590,3711,65,NA
"inyo",2014,68985619,18590,3711,113,NA
"inyo",2015,68983106,18574,3714,7000,40
"inyo",2016,70957422,18650,3805,30,NA
"inyo",2016,70957422,18650,3805,5443,NA
"inyo",2018,79628705,18577,4286,2070,NA
"inyo",2018,79628705,18577,4286,2883,NA
"inyo",2018,79628705,18577,4286,1265,NA
"inyo",2018,79628705,18577,4286,338,NA
"inyo",2019,84868491,18593,4565,1975,NA
"inyo",2019,84868491,18593,4565,10296,NA
"kern",2013,1677222851,857882,1955,612,NA
"kern",2013,1677222851,857882,1955,712,NA
"kern",2013,1677222851,857882,1955,4346,NA
"kern",2013,1677222851,857882,1955,794,NA
"kern",2014,1698256686,873092,1945,70,NA
"kern",2014,1698256686,873092,1945,3895,NA
"kern",2014,1698256686,873092,1945,4045,NA
"kern",2014,1698256686,873092,1945,1680,NA
"kern",2015,1799121449,874264,2058,45,NA
"kern",2015,1799121449,874264,2058,167,NA
"kern",2015,1799121449,874264,2058,67,NA
"kern",2016,1832093877,886507,2067,29322,NA
"kern",2016,1832093877,886507,2067,61,NA
"kern",2016,1832093877,886507,2067,518,NA
"kern",2016,1832093877,886507,2067,48019,NA
"kern",2016,1832093877,886507,2067,138,NA
"kern",2016,1832093877,886507,2067,554,NA
"kern",2016,1832093877,886507,2067,100,NA
"kern",2016,1832093877,886507,2067,1785,NA
"kern",2016,1832093877,886507,2067,221,NA
"kern",2016,1832093877,886507,2067,43,NA
"kern",2016,1832093877,886507,2067,306,NA
"kern",2016,1832093877,886507,2067,304,NA
"kern",2017,1834349504,895112,2049,31,NA
"kern",2017,1834349504,895112,2049,206,NA
"kern",2017,1834349504,895112,2049,184,NA
"kern",2017,1834349504,895112,2049,1522,NA
"kern",2017,1834349504,895112,2049,35,NA
"kern",2017,1834349504,895112,2049,10,NA
"kern",2017,1834349504,895112,2049,16,NA
"kern",2017,1834349504,895112,2049,1319,NA
"kern",2017,1834349504,895112,2049,33,NA
"kern",2017,1834349504,895112,2049,41,NA
"kern",2017,1834349504,895112,2049,183,NA
"kern",2017,1834349504,895112,2049,1350,NA
"kern",2017,1834349504,895112,2049,1200,NA
"kern",2017,1834349504,895112,2049,50,NA
"kern",2017,1834349504,895112,2049,10,NA
"kern",2017,1834349504,895112,2049,1083,NA
"kern",2017,1834349504,895112,2049,1626,NA
"kern",2017,1834349504,895112,2049,40,NA
"kern",2017,1834349504,895112,2049,2940,NA
"kern",2017,1834349504,895112,2049,338,NA
"kern",2017,1834349504,895112,2049,19,NA
"kern",2017,1834349504,895112,2049,50,NA
"kern",2017,1834349504,895112,2049,506,NA
"kern",2017,1834349504,895112,2049,288,NA
"kern",2018,1862364108,905801,2056,114,NA
"kern",2018,1862364108,905801,2056,993,NA
"kern",2018,1862364108,905801,2056,34,NA
"kern",2018,1862364108,905801,2056,62,NA
"kern",2018,1862364108,905801,2056,95,NA
"kern",2018,1862364108,905801,2056,293,NA
"kern",2018,1862364108,905801,2056,367,NA
"kern",2018,1862364108,905801,2056,200,NA
"kern",2018,1862364108,905801,2056,2950,NA
"kern",2019,1910928208,916464,2085,448,NA
"kern",2019,1910928208,916464,2085,115,NA
"kern",2019,1910928208,916464,2085,2500,NA
"kern",2019,1910928208,916464,2085,172,NA
"kern",2019,1910928208,916464,2085,29,NA
"kern",2019,1910928208,916464,2085,208,NA
"kings",2017,268613402,149537,1796,2312,NA
"kings",2017,268613402,149537,1796,48889,1
"kings",2017,268613402,149537,1796,20,NA
"kings",2018,274851463,151662,1812,2995,NA
"kings",2019,295343229,153710,1921,161,NA
"lake",2013,113536967,64531,1759,50,NA
"lake",2013,113536967,64531,1759,23,NA
"lake",2013,113536967,64531,1759,296,NA
"lake",2013,113536967,64531,1759,70,NA
"lake",2013,113536967,64531,1759,30,NA
"lake",2013,113536967,64531,1759,120,1
"lake",2013,113536967,64531,1759,25,NA
"lake",2013,113536967,64531,1759,28,NA
"lake",2013,113536967,64531,1759,30,NA
"lake",2013,113536967,64531,1759,38,NA
"lake",2014,122092336,64699,1887,4300,9
"lake",2014,122092336,64699,1887,175,NA
"lake",2014,122092336,64699,1887,100,NA
"lake",2015,124266357,64918,1914,22,NA
"lake",2015,124266357,64918,1914,25118,27
"lake",2015,124266357,64918,1914,215,NA
"lake",2015,124266357,64918,1914,673,NA
"lake",2015,124266357,64918,1914,69438,96
"lake",2015,124266357,64918,1914,25,NA
"lake",2016,149993687,64306,2332,25,NA
"lake",2016,149993687,64306,2332,3929,300
"lake",2016,149993687,64306,2332,20,NA
"lake",2016,149993687,64306,2332,215,NA
"lake",2016,149993687,64306,2332,45,NA
"lake",2016,149993687,64306,2332,36,NA
"lake",2016,149993687,64306,2332,69,NA
"lake",2017,141621306,64945,2181,200,NA
"lake",2017,141621306,64945,2181,40,NA
"lake",2017,141621306,64945,2181,58,NA
"lake",2017,141621306,64945,2181,2207,162
"lake",2017,141621306,64945,2181,87,NA
"lake",2017,141621306,64945,2181,21,NA
"lake",2017,141621306,64945,2181,62,NA
"lake",2017,141621306,64945,2181,100,NA
"lake",2018,148872930,65081,2288,60,NA
"lake",2018,148872930,65081,2288,32,NA
"lake",2018,148872930,65081,2288,50,1
"lake",2018,148872930,65081,2288,48920,35
"lake",2018,148872930,65081,2288,36,NA
"lake",2018,148872930,65081,2288,24,NA
"lake",2018,148872930,65081,2288,103,NA
"lake",2018,148872930,65081,2288,410203,246
"lake",2018,148872930,65081,2288,80,1
"lake",2018,148872930,65081,2288,15185,22
"lake",2019,187904772,65071,2888,25,NA
"lake",2019,187904772,65071,2888,53,1
"lake",2019,187904772,65071,2888,28,NA
"lake",2019,187904772,65071,2888,75,NA
"lake",2019,187904772,65071,2888,20,NA
"lassen",2013,53922286,33422,1613,97,NA
"lassen",2015,61709330,32092,1923,10570,NA
"lassen",2015,61709330,32092,1923,30,NA
"lassen",2015,61709330,32092,1923,40,NA
"lassen",2015,61709330,32092,1923,111,NA
"lassen",2015,61709330,32092,1923,60,NA
"lassen",2016,63591051,30780,2066,2575,7
"lassen",2016,63591051,30780,2066,42,NA
"lassen",2017,64789003,30918,2096,157,NA
"lassen",2017,64789003,30918,2096,530,NA
"lassen",2017,64789003,30918,2096,859,NA
"lassen",2017,64789003,30918,2096,0,NA
"lassen",2017,64789003,30918,2096,6042,NA
"lassen",2017,64789003,30918,2096,18618,NA
"lassen",2017,64789003,30918,2096,67,NA
"lassen",2017,64789003,30918,2096,83733,NA
"lassen",2018,68779787,30911,2225,88,NA
"lassen",2018,68779787,30911,2225,18703,NA
"lassen",2018,68779787,30911,2225,167,NA
"lassen",2018,68779787,30911,2225,441,4
"lassen",2018,68779787,30911,2225,89,NA
"lassen",2018,68779787,30911,2225,32,NA
"lassen",2018,68779787,30911,2225,56,NA
"lassen",2018,68779787,30911,2225,646,NA
"lassen",2018,68779787,30911,2225,53,NA
"lassen",2018,68779787,30911,2225,14,NA
"lassen",2019,72911743,30150,2418,193,NA
"lassen",2019,72911743,30150,2418,131,NA
"lassen",2019,72911743,30150,2418,130,NA
"lassen",2019,72911743,30150,2418,260,NA
"lassen",2019,72911743,30150,2418,107,NA
"lassen",2019,72911743,30150,2418,2438,NA
"lassen",2019,72911743,30150,2418,3380,NA
"lassen",2019,72911743,30150,2418,263,NA
"lassen",2019,72911743,30150,2418,55,NA
"lassen",2019,72911743,30150,2418,1020,NA
"los angeles",2013,18594909311,9958091,1867,712,NA
"los angeles",2013,18594909311,9958091,1867,149,NA
"los angeles",2013,18594909311,9958091,1867,268,NA
"los angeles",2013,18594909311,9958091,1867,30274,NA
"los angeles",2013,18594909311,9958091,1867,100,NA
"los angeles",2014,19367532018,10041797,1929,1952,NA
"los angeles",2014,19367532018,10041797,1929,274,NA
"los angeles",2014,19367532018,10041797,1929,190,NA
"los angeles",2015,20236668800,10136559,1996,300,NA
"los angeles",2015,20236668800,10136559,1996,374,NA
"los angeles",2015,20236668800,10136559,1996,200,NA
"los angeles",2015,20236668800,10136559,1996,415,NA
"los angeles",2016,20636464907,10241335,2015,156,NA
"los angeles",2016,20636464907,10241335,2015,0,NA
"los angeles",2016,20636464907,10241335,2015,4824,NA
"los angeles",2016,20636464907,10241335,2015,1109,NA
"los angeles",2016,20636464907,10241335,2015,5399,NA
"los angeles",2016,20636464907,10241335,2015,0,NA
"los angeles",2016,20636464907,10241335,2015,0,NA
"los angeles",2017,23422437171,10241278,2287,25,NA
"los angeles",2017,23422437171,10241278,2287,50,NA
"los angeles",2017,23422437171,10241278,2287,800,NA
"los angeles",2017,23422437171,10241278,2287,55,NA
"los angeles",2017,23422437171,10241278,2287,6049,6
"los angeles",2017,23422437171,10241278,2287,760,NA
"los angeles",2017,23422437171,10241278,2287,7194,NA
"los angeles",2017,23422437171,10241278,2287,41,NA
"los angeles",2017,23422437171,10241278,2287,30,NA
"los angeles",2017,23422437171,10241278,2287,10,NA
"los angeles",2017,23422437171,10241278,2287,15619,37
"los angeles",2017,23422437171,10241278,2287,135,NA
"los angeles",2017,23422437171,10241278,2287,422,NA
"los angeles",2018,24829342650,10283729,2414,20,NA
"los angeles",2018,24829342650,10283729,2414,3380,NA
"los angeles",2018,24829342650,10283729,2414,1352,NA
"los angeles",2018,24829342650,10283729,2414,166,NA
"los angeles",2018,24829342650,10283729,2414,96949,1643
"los angeles",2018,24829342650,10283729,2414,62,NA
"los angeles",2018,24829342650,10283729,2414,175,NA
"los angeles",2018,24829342650,10283729,2414,128,NA
"los angeles",2019,28159902983,10253716,2746,745,NA
"los angeles",2019,28159902983,10253716,2746,42,NA
"los angeles",2019,28159902983,10253716,2746,156,NA
"los angeles",2019,28159902983,10253716,2746,105,NA
"los angeles",2019,28159902983,10253716,2746,4615,22
"los angeles",2019,28159902983,10253716,2746,8799,19
"madera",2013,186381002,152711,1220,75,NA
"madera",2013,186381002,152711,1220,91,1
"madera",2013,186381002,152711,1220,274,NA
"madera",2013,186381002,152711,1220,482,1
"madera",2013,186381002,152711,1220,15,NA
"madera",2014,183041936,153897,1189,10,NA
"madera",2014,183041936,153897,1189,612,47
"madera",2014,183041936,153897,1189,320,69
"madera",2014,183041936,153897,1189,13838,NA
"madera",2015,206640230,155878,1326,920,3
"madera",2015,206640230,155878,1326,135,NA
"madera",2015,206640230,155878,1326,500,NA
"madera",2015,206640230,155878,1326,5702,NA
"madera",2016,216823054,155349,1396,38,NA
"madera",2016,216823054,155349,1396,85,NA
"madera",2016,216823054,155349,1396,80,NA
"madera",2016,216823054,155349,1396,103,NA
"madera",2017,244396339,156492,1562,429,NA
"madera",2017,244396339,156492,1562,12407,NA
"madera",2017,244396339,156492,1562,48,NA
"madera",2017,244396339,156492,1562,157,NA
"madera",2017,244396339,156492,1562,1431,NA
"madera",2017,244396339,156492,1562,90,NA
"madera",2017,244396339,156492,1562,25,NA
"madera",2017,244396339,156492,1562,150,NA
"madera",2017,244396339,156492,1562,1035,4
"madera",2018,267664692,158894,1685,12,NA
"madera",2018,267664692,158894,1685,4064,NA
"madera",2018,267664692,158894,1685,360,NA
"madera",2018,267664692,158894,1685,60,NA
"madera",2018,267664692,158894,1685,300,NA
"madera",2018,267664692,158894,1685,11,NA
"madera",2018,267664692,158894,1685,88,NA
"madera",2018,267664692,158894,1685,289,NA
"madera",2018,267664692,158894,1685,56,NA
"madera",2019,305627409,159536,1916,213,NA
"marin",2017,554795904,263604,2105,35,NA
"marin",2017,554795904,263604,2105,38,NA
"marin",2018,599287488,263886,2271,12,NA
"marin",2018,599287488,263886,2271,152,NA
"marin",2019,761444825,262879,2897,67,NA
"mariposa",2013,55737470,18026,3092,1708,NA
"mariposa",2014,57679389,18467,3123,4772,NA
"mariposa",2014,57679389,18467,3123,1080,NA
"mariposa",2014,57679389,18467,3123,90,NA
"mariposa",2014,57679389,18467,3123,130,NA
"mariposa",2014,57679389,18467,3123,4689,NA
"mariposa",2014,57679389,18467,3123,79,NA
"mariposa",2014,57679389,18467,3123,311,NA
"mariposa",2014,57679389,18467,3123,300,NA
"mariposa",2014,57679389,18467,3123,677,3
"mariposa",2015,60063662,17791,3376,25,NA
"mariposa",2015,60063662,17791,3376,60,NA
"mariposa",2015,60063662,17791,3376,415,NA
"mariposa",2017,71395521,18148,3934,125,NA
"mariposa",2017,71395521,18148,3934,7000,NA
"mariposa",2017,71395521,18148,3934,225,0
"mariposa",2017,71395521,18148,3934,81826,131
"mariposa",2017,71395521,18148,3934,8094,NA
"mariposa",2017,71395521,18148,3934,10,NA
"mariposa",2017,71395521,18148,3934,63,NA
"mariposa",2017,71395521,18148,3934,36,NA
"mariposa",2017,71395521,18148,3934,0,NA
"mariposa",2017,71395521,18148,3934,17,NA
"mariposa",2017,71395521,18148,3934,630,NA
"mariposa",2017,71395521,18148,3934,680,2
"mariposa",2018,77874291,18129,4296,40,NA
"mariposa",2018,77874291,18129,4296,115,NA
"mariposa",2018,77874291,18129,4296,22,7
"mariposa",2018,77874291,18129,4296,96901,NA
"mariposa",2018,77874291,18129,4296,53,1
"mariposa",2019,82902148,18068,4588,149,NA
"mariposa",2019,82902148,18068,4588,1300,NA
"mariposa",2019,82902148,18068,4588,244,NA
"mariposa",2019,82902148,18068,4588,5563,1
"mariposa",2019,82902148,18068,4588,423,NA
"mendocino",2013,183588351,88291,2079,82,NA
"mendocino",2013,183588351,88291,2079,45,NA
"mendocino",2013,183588351,88291,2079,15,NA
"mendocino",2013,183588351,88291,2079,98,NA
"mendocino",2014,186975941,89029,2100,12536,NA
"mendocino",2014,186975941,89029,2100,62,NA
"mendocino",2014,186975941,89029,2100,403,11
"mendocino",2015,198654917,88863,2236,227,NA
"mendocino",2015,198654917,88863,2236,35,NA
"mendocino",2015,198654917,88863,2236,23,NA
"mendocino",2015,198654917,88863,2236,50,NA
"mendocino",2016,206272668,88378,2334,36,NA
"mendocino",2016,206272668,88378,2334,50,NA
"mendocino",2017,235560312,89134,2643,20,NA
"mendocino",2017,235560312,89134,2643,36523,546
"mendocino",2017,235560312,89134,2643,146,NA
"mendocino",2017,235560312,89134,2643,900,NA
"mendocino",2018,245693086,89299,2751,972,NA
"mendocino",2018,245693086,89299,2751,48920,35
"mendocino",2018,245693086,89299,2751,106,NA
"mendocino",2018,245693086,89299,2751,90,NA
"mendocino",2018,245693086,89299,2751,67,NA
"mendocino",2018,245693086,89299,2751,410203,246
"mendocino",2018,245693086,89299,2751,35,NA
"mendocino",2019,277498649,89009,3118,130,NA
"mendocino",2019,277498649,89009,3118,10,NA
"mendocino",2019,277498649,89009,3118,703,NA
"mendocino",2019,277498649,89009,3118,225,NA
"merced",2013,364448085,262478,1388,124,NA
"merced",2014,405719802,264922,1531,300,NA
"merced",2015,413448831,266134,1554,1450,NA
"merced",2015,413448831,266134,1554,1333,NA
"merced",2015,413448831,266134,1554,275,NA
"merced",2016,439271510,271579,1617,30,NA
"merced",2016,439271510,271579,1617,1246,NA
"merced",2017,520964183,274665,1897,1800,NA
"merced",2018,552168265,279977,1972,200,NA
"merced",2018,552168265,279977,1972,4564,NA
"merced",2018,552168265,279977,1972,68,NA
"merced",2018,552168265,279977,1972,88,NA
"merced",2018,552168265,279977,1972,185,NA
"merced",2018,552168265,279977,1972,1756,NA
"merced",2019,593333567,282928,2097,210,NA
"modoc",2013,28451670,9522,2988,97,NA
"modoc",2013,28451670,9522,2988,68,NA
"modoc",2013,28451670,9522,2988,502,NA
"modoc",2014,26943389,9197,2930,13153,6
"modoc",2014,26943389,9197,2930,1469,NA
"modoc",2014,26943389,9197,2930,101,NA
"modoc",2014,26943389,9197,2930,1651,NA
"modoc",2015,30609001,9399,3257,77,NA
"modoc",2015,30609001,9399,3257,4863,NA
"modoc",2015,30609001,9399,3257,43,NA
"modoc",2015,30609001,9399,3257,116,NA
"modoc",2016,31283043,9638,3246,380,NA
"modoc",2016,31283043,9638,3246,2652,NA
"modoc",2017,30863325,9580,3222,15,NA
"modoc",2017,30863325,9580,3222,28,NA
"modoc",2017,30863325,9580,3222,83120,NA
"modoc",2017,30863325,9580,3222,7697,NA
"modoc",2017,30863325,9580,3222,42,NA
"modoc",2017,30863325,9580,3222,27,NA
"modoc",2017,30863325,9580,3222,562,NA
"modoc",2017,30863325,9580,3222,0,NA
"modoc",2017,30863325,9580,3222,410,NA
"modoc",2017,30863325,9580,3222,380,NA
"modoc",2018,31249727,9612,3251,39387,NA
"modoc",2018,31249727,9612,3251,15,NA
"modoc",2018,31249727,9612,3251,2100,NA
"modoc",2018,31249727,9612,3251,52,NA
"modoc",2019,34779955,9602,3622,5737,NA
"modoc",2019,34779955,9602,3622,103,NA
"modoc",2019,34779955,9602,3622,128,NA
"modoc",2019,34779955,9602,3622,14217,NA
"mono",2015,52282402,14695,3558,3676,NA
"mono",2015,52282402,14695,3558,509,NA
"mono",2015,52282402,14695,3558,7000,40
"mono",2016,59722817,13721,4353,650,NA
"mono",2016,59722817,13721,4353,2819,NA
"mono",2016,59722817,13721,4353,122,NA
"mono",2017,58065258,13713,4234,370,NA
"mono",2017,58065258,13713,4234,8925,NA
"mono",2018,64774317,13822,4686,6974,NA
"mono",2019,65803733,13616,4833,4840,NA
"monterey",2013,802605729,421494,1904,917,NA
"monterey",2013,802605729,421494,1904,105,NA
"monterey",2013,802605729,421494,1904,213,NA
"monterey",2014,816486584,425756,1918,4840,NA
"monterey",2014,816486584,425756,1918,75,NA
"monterey",2014,816486584,425756,1918,400,NA
"monterey",2015,889396769,425413,2091,1086,20
"monterey",2015,889396769,425413,2091,95,NA
"monterey",2016,1015238741,437178,2322,70,NA
"monterey",2016,1015238741,437178,2322,52,NA
"monterey",2016,1015238741,437178,2322,132127,NA
"monterey",2016,1015238741,437178,2322,25,NA
"monterey",2016,1015238741,437178,2322,2520,NA
"monterey",2016,1015238741,437178,2322,100,NA
"monterey",2016,1015238741,437178,2322,3876,NA
"monterey",2017,1085600914,442365,2454,20,NA
"monterey",2017,1085600914,442365,2454,18,NA
"monterey",2017,1085600914,442365,2454,10,NA
"monterey",2017,1085600914,442365,2454,31,NA
"monterey",2017,1085600914,442365,2454,32,NA
"monterey",2017,1085600914,442365,2454,1816,NA
"monterey",2017,1085600914,442365,2454,42,NA
"monterey",2017,1085600914,442365,2454,82,NA
"monterey",2017,1085600914,442365,2454,17,NA
"monterey",2017,1085600914,442365,2454,15,NA
"monterey",2017,1085600914,442365,2454,43,NA
"monterey",2017,1085600914,442365,2454,32,NA
"monterey",2017,1085600914,442365,2454,40,NA
"monterey",2017,1085600914,442365,2454,14,NA
"monterey",2018,1251119128,443281,2822,96,NA
"monterey",2018,1251119128,443281,2822,650,NA
"monterey",2018,1251119128,443281,2822,400,NA
"monterey",2018,1251119128,443281,2822,150,NA
"monterey",2018,1251119128,443281,2822,2225,NA
"monterey",2018,1251119128,443281,2822,10,NA
"monterey",2018,1251119128,443281,2822,50,NA
"monterey",2018,1251119128,443281,2822,167,NA
"monterey",2018,1251119128,443281,2822,375,NA
"monterey",2019,1334500225,445414,2996,289,NA
"monterey",2019,1334500225,445414,2996,316,NA
"monterey",2019,1334500225,445414,2996,190,NA
"monterey",2019,1334500225,445414,2996,43,NA
"monterey",2019,1334500225,445414,2996,2546,NA
"monterey",2019,1334500225,445414,2996,280,NA
"monterey",2019,1334500225,445414,2996,66,NA
"napa",2013,280823358,138383,2029,190,1
"napa",2013,280823358,138383,2029,75,NA
"napa",2013,280823358,138383,2029,376,NA
"napa",2014,307365157,139255,2207,27,NA
"napa",2014,307365157,139255,2207,6,NA
"napa",2014,307365157,139255,2207,4300,9
"napa",2015,323583057,140362,2305,19,NA
"napa",2015,323583057,140362,2305,36,NA
"napa",2015,323583057,140362,2305,25118,27
"napa",2015,323583057,140362,2305,38,NA
"napa",2016,330137626,142028,2324,65,NA
"napa",2017,370217770,142408,2600,56556,1355
"napa",2017,370217770,142408,2600,51624,120
"napa",2017,370217770,142408,2600,114,NA
"napa",2017,370217770,142408,2600,36807,5636
"napa",2017,370217770,142408,2600,0,NA
"napa",2017,370217770,142408,2600,22,NA
"napa",2018,410620823,141294,2906,2490,NA
"napa",2018,410620823,141294,2906,12,NA
"napa",2018,410620823,141294,2906,90288,29
"napa",2018,410620823,141294,2906,10,NA
"napa",2018,410620823,141294,2906,135,8
"napa",2019,441388573,140779,3135,64,NA
"napa",2019,441388573,140779,3135,526,1
"napa",2019,441388573,140779,3135,50,NA
"nevada",2013,137555506,97019,1418,52,NA
"nevada",2014,141331655,97225,1454,84,NA
"nevada",2014,141331655,97225,1454,38,NA
"nevada",2014,141331655,97225,1454,247,NA
"nevada",2015,142883250,98193,1455,2304,2
"nevada",2015,142883250,98193,1455,30,NA
"nevada",2016,147735751,98095,1506,47,NA
"nevada",2016,147735751,98095,1506,38,NA
"nevada",2017,163862949,98828,1658,76,13
"nevada",2017,163862949,98828,1658,15,NA
"nevada",2017,163862949,98828,1658,10,NA
"nevada",2017,163862949,98828,1658,10,NA
"nevada",2017,163862949,98828,1658,392,0
"nevada",2017,163862949,98828,1658,19,NA
"nevada",2017,163862949,98828,1658,821,48
"nevada",2018,184038554,99155,1856,16,NA
"nevada",2019,198442113,98904,2006,2,NA
"orange",2013,3524255671,3081804,1144,40,NA
"orange",2014,3647101056,3113991,1171,968,NA
"orange",2015,3724987048,3147655,1183,214,NA
"orange",2016,3793514681,3183011,1192,47,NA
"orange",2016,3793514681,3183011,1192,150,NA
"orange",2017,4412670251,3194024,1382,9217,25
"orange",2017,4412670251,3194024,1382,2662,NA
"orange",2018,4584568142,3221103,1423,155,NA
"orange",2018,4584568142,3221103,1423,23136,24
"orange",2018,4584568142,3221103,1423,175,NA
"placer",2013,496785824,357463,1390,27440,NA
"placer",2013,496785824,357463,1390,237,NA
"placer",2014,561033320,366115,1532,459,10
"placer",2014,561033320,366115,1532,14,NA
"placer",2014,561033320,366115,1532,120,NA
"placer",2015,547404953,369454,1482,26,NA
"placer",2015,547404953,369454,1482,110,NA
"placer",2016,562674677,373796,1505,5646,NA
"placer",2016,562674677,373796,1505,88,NA
"placer",2016,562674677,373796,1505,169,NA
"placer",2018,706198572,389532,1813,1120,NA
"placer",2018,706198572,389532,1813,700,NA
"placer",2019,762996372,396691,1923,355,NA
"placer",2019,762996372,396691,1923,604,NA
"placer",2019,762996372,396691,1923,65,NA
"placer",2019,762996372,396691,1923,27,NA
"placer",2019,762996372,396691,1923,148,NA
"plumas",2013,50944994,19643,2594,513,NA
"plumas",2015,53440915,19560,2732,137,NA
"plumas",2016,57739496,19879,2905,248,NA
"plumas",2017,56460600,19819,2849,79,NA
"plumas",2017,56460600,19819,2849,2575,NA
"plumas",2017,56460600,19819,2849,186,NA
"plumas",2017,56460600,19819,2849,1020,NA
"plumas",2017,56460600,19819,2849,4310,NA
"plumas",2018,64867700,19773,3281,117,NA
"plumas",2018,64867700,19773,3281,20,NA
"plumas",2019,64464586,19779,3259,54612,NA
"riverside",2013,3158800159,2255059,1401,0,NA
"riverside",2013,3158800159,2255059,1401,124,NA
"riverside",2013,3158800159,2255059,1401,40,NA
"riverside",2013,3158800159,2255059,1401,25,NA
"riverside",2013,3158800159,2255059,1401,510,NA
"riverside",2013,3158800159,2255059,1401,40,NA
"riverside",2013,3158800159,2255059,1401,15,NA
"riverside",2013,3158800159,2255059,1401,42,NA
"riverside",2013,3158800159,2255059,1401,60,NA
"riverside",2013,3158800159,2255059,1401,20292,40
"riverside",2013,3158800159,2255059,1401,27531,NA
"riverside",2013,3158800159,2255059,1401,40,NA
"riverside",2013,3158800159,2255059,1401,40,NA
"riverside",2013,3158800159,2255059,1401,311,NA
"riverside",2013,3158800159,2255059,1401,1383,NA
"riverside",2013,3158800159,2255059,1401,90,NA
"riverside",2013,3158800159,2255059,1401,150,NA
"riverside",2013,3158800159,2255059,1401,60,NA
"riverside",2013,3158800159,2255059,1401,3166,1
"riverside",2014,3284411738,2279967,1441,14,NA
"riverside",2014,3284411738,2279967,1441,78,NA
"riverside",2014,3284411738,2279967,1441,100,NA
"riverside",2014,3284411738,2279967,1441,57,NA
"riverside",2014,3284411738,2279967,1441,350,NA
"riverside",2014,3284411738,2279967,1441,31,NA
"riverside",2015,3686292169,2308441,1597,150,NA
"riverside",2015,3686292169,2308441,1597,1049,NA
"riverside",2015,3686292169,2308441,1597,21,NA
"riverside",2015,3686292169,2308441,1597,543,NA
"riverside",2015,3686292169,2308441,1597,25,NA
"riverside",2015,3686292169,2308441,1597,80,NA
"riverside",2015,3686292169,2308441,1597,60,NA
"riverside",2016,3858788311,2347828,1644,139,NA
"riverside",2016,3858788311,2347828,1644,1470,1
"riverside",2016,3858788311,2347828,1644,40,NA
"riverside",2016,3858788311,2347828,1644,173,NA
"riverside",2017,4343263894,2384783,1821,14,NA
"riverside",2017,4343263894,2384783,1821,40,NA
"riverside",2017,4343263894,2384783,1821,1350,NA
"riverside",2017,4343263894,2384783,1821,10,NA
"riverside",2017,4343263894,2384783,1821,122,NA
"riverside",2017,4343263894,2384783,1821,27,NA
"riverside",2017,4343263894,2384783,1821,17,NA
"riverside",2017,4343263894,2384783,1821,33,NA
"riverside",2017,4343263894,2384783,1821,105,NA
"riverside",2017,4343263894,2384783,1821,19,NA
"riverside",2017,4343263894,2384783,1821,63,NA
"riverside",2017,4343263894,2384783,1821,205,NA
"riverside",2017,4343263894,2384783,1821,50,NA
"riverside",2017,4343263894,2384783,1821,33,NA
"riverside",2017,4343263894,2384783,1821,15,NA
"riverside",2017,4343263894,2384783,1821,40,NA
"riverside",2017,4343263894,2384783,1821,168,NA
"riverside",2017,4343263894,2384783,1821,866,NA
"riverside",2017,4343263894,2384783,1821,46,NA
"riverside",2017,4343263894,2384783,1821,1044,NA
"riverside",2017,4343263894,2384783,1821,20,NA
"riverside",2017,4343263894,2384783,1821,10,NA
"riverside",2017,4343263894,2384783,1821,10,NA
"riverside",2017,4343263894,2384783,1821,19,NA
"riverside",2017,4343263894,2384783,1821,48,NA
"riverside",2017,4343263894,2384783,1821,30,NA
"riverside",2017,4343263894,2384783,1821,11,NA
"riverside",2017,4343263894,2384783,1821,300,NA
"riverside",2017,4343263894,2384783,1821,26,NA
"riverside",2017,4343263894,2384783,1821,72,NA
"riverside",2017,4343263894,2384783,1821,12,NA
"riverside",2017,4343263894,2384783,1821,26,NA
"riverside",2017,4343263894,2384783,1821,10,NA
"riverside",2017,4343263894,2384783,1821,28,NA
"riverside",2017,4343263894,2384783,1821,34,NA
"riverside",2017,4343263894,2384783,1821,153,NA
"riverside",2017,4343263894,2384783,1821,50,NA
"riverside",2017,4343263894,2384783,1821,35,NA
"riverside",2017,4343263894,2384783,1821,45,NA
"riverside",2017,4343263894,2384783,1821,10,NA
"riverside",2017,4343263894,2384783,1821,32,NA
"riverside",2017,4343263894,2384783,1821,3874,NA
"riverside",2017,4343263894,2384783,1821,85,NA
"riverside",2017,4343263894,2384783,1821,6309,NA
"riverside",2017,4343263894,2384783,1821,35,NA
"riverside",2017,4343263894,2384783,1821,23,NA
"riverside",2017,4343263894,2384783,1821,10,NA
"riverside",2017,4343263894,2384783,1821,92,NA
"riverside",2017,4343263894,2384783,1821,120,NA
"riverside",2017,4343263894,2384783,1821,200,NA
"riverside",2017,4343263894,2384783,1821,545,NA
"riverside",2017,4343263894,2384783,1821,35,NA
"riverside",2018,4422407003,2415955,1831,40,NA
"riverside",2018,4422407003,2415955,1831,18,NA
"riverside",2018,4422407003,2415955,1831,13139,12
"riverside",2018,4422407003,2415955,1831,1261,NA
"riverside",2018,4422407003,2415955,1831,73,NA
"riverside",2018,4422407003,2415955,1831,20,NA
"riverside",2018,4422407003,2415955,1831,35,NA
"riverside",2018,4422407003,2415955,1831,30,NA
"riverside",2018,4422407003,2415955,1831,10,NA
"riverside",2018,4422407003,2415955,1831,154,NA
"riverside",2018,4422407003,2415955,1831,70,NA
"riverside",2018,4422407003,2415955,1831,282,NA
"riverside",2018,4422407003,2415955,1831,25,NA
"riverside",2018,4422407003,2415955,1831,32,NA
"riverside",2018,4422407003,2415955,1831,10,NA
"riverside",2018,4422407003,2415955,1831,36,NA
"riverside",2018,4422407003,2415955,1831,23,NA
"riverside",2018,4422407003,2415955,1831,63,NA
"riverside",2018,4422407003,2415955,1831,15,NA
"riverside",2018,4422407003,2415955,1831,205,NA
"riverside",2018,4422407003,2415955,1831,15,NA
"riverside",2018,4422407003,2415955,1831,21,NA
"riverside",2018,4422407003,2415955,1831,10,NA
"riverside",2018,4422407003,2415955,1831,11,NA
"riverside",2018,4422407003,2415955,1831,17,NA
"riverside",2019,4804417426,2440124,1969,19,NA
"riverside",2019,4804417426,2440124,1969,19,NA
"riverside",2019,4804417426,2440124,1969,1011,74
"riverside",2019,4804417426,2440124,1969,494,NA
"riverside",2019,4804417426,2440124,1969,328,NA
"riverside",2019,4804417426,2440124,1969,34,NA
"riverside",2019,4804417426,2440124,1969,NA,NA
"riverside",2019,4804417426,2440124,1969,10,NA
"riverside",2019,4804417426,2440124,1969,12,NA
"riverside",2019,4804417426,2440124,1969,81,NA
"riverside",2019,4804417426,2440124,1969,45,NA
"riverside",2019,4804417426,2440124,1969,167,NA
"riverside",2019,4804417426,2440124,1969,214,NA
"riverside",2019,4804417426,2440124,1969,20,NA
"riverside",2019,4804417426,2440124,1969,34,NA
"riverside",2019,4804417426,2440124,1969,20,NA
"riverside",2019,4804417426,2440124,1969,55,NA
"riverside",2019,4804417426,2440124,1969,75,NA
"riverside",2019,4804417426,2440124,1969,350,1
"riverside",2019,4804417426,2440124,1969,80,NA
"riverside",2019,4804417426,2440124,1969,26,NA
"riverside",2019,4804417426,2440124,1969,80,NA
"riverside",2019,4804417426,2440124,1969,1926,0
"riverside",2019,4804417426,2440124,1969,20,NA
"riverside",2019,4804417426,2440124,1969,250,NA
"riverside",2019,4804417426,2440124,1969,30,NA
"riverside",2019,4804417426,2440124,1969,520,NA
"riverside",2019,4804417426,2440124,1969,130,NA
"riverside",2019,4804417426,2440124,1969,98,NA
"riverside",2019,4804417426,2440124,1969,96,NA
"riverside",2019,4804417426,2440124,1969,525,NA
"riverside",2019,4804417426,2440124,1969,94,NA
"riverside",2019,4804417426,2440124,1969,9,NA
"sacramento",2013,2541160948,1445806,1758,163,NA
"sacramento",2015,2627507359,1470912,1786,110,NA
"sacramento",2016,2851784075,1495297,1907,32,NA
"sacramento",2016,2851784075,1495297,1907,87,NA
"sacramento",2016,2851784075,1495297,1907,40,NA
"sacramento",2017,3355290000,1514770,2215,35,NA
"sacramento",2017,3355290000,1514770,2215,68,NA
"sacramento",2017,3355290000,1514770,2215,1286,NA
"sacramento",2018,3481911000,1529501,2277,30,NA
"sacramento",2019,3558483000,1546174,2301,50,NA
"sacramento",2019,3558483000,1546174,2301,84,NA
"san benito",2013,66238193,56669,1169,354,NA
"san benito",2015,73258769,58344,1256,670,NA
"san benito",2015,73258769,58344,1256,25,NA
"san benito",2016,78131810,56648,1379,30,NA
"san benito",2016,78131810,56648,1379,237,2
"san benito",2016,78131810,56648,1379,95,NA
"san benito",2016,78131810,56648,1379,83,NA
"san benito",2017,79747356,56854,1403,21,NA
"san benito",2017,79747356,56854,1403,34,NA
"san benito",2017,79747356,56854,1403,47,NA
"san benito",2018,95824947,57088,1679,1314,NA
"san benito",2018,95824947,57088,1679,278,NA
"san benito",2018,95824947,57088,1679,39,NA
"san benito",2018,95824947,57088,1679,215,NA
"san benito",2018,95824947,57088,1679,64,NA
"san benito",2018,95824947,57088,1679,513,NA
"san benito",2018,95824947,57088,1679,116,NA
"san benito",2018,95824947,57088,1679,35,NA
"san benito",2019,106119007,62296,1703,17,NA
"san benito",2019,106119007,62296,1703,167,NA
"san bernardino",2013,3300520586,2076274,1590,30,NA
"san bernardino",2013,3300520586,2076274,1590,73,NA
"san bernardino",2013,3300520586,2076274,1590,75,NA
"san bernardino",2013,3300520586,2076274,1590,534,0
"san bernardino",2013,3300520586,2076274,1590,110,NA
"san bernardino",2013,3300520586,2076274,1590,200,NA
"san bernardino",2013,3300520586,2076274,1590,243,NA
"san bernardino",2013,3300520586,2076274,1590,97,NA
"san bernardino",2013,3300520586,2076274,1590,75,1
"san bernardino",2013,3300520586,2076274,1590,413,NA
"san bernardino",2014,3517791026,2085669,1687,2143,0
"san bernardino",2014,3517791026,2085669,1687,48,NA
"san bernardino",2015,3639592464,2104291,1730,55,NA
"san bernardino",2015,3639592464,2104291,1730,100,NA
"san bernardino",2015,3639592464,2104291,1730,4250,68
"san bernardino",2015,3639592464,2104291,1730,54,NA
"san bernardino",2015,3639592464,2104291,1730,65,NA
"san bernardino",2015,3639592464,2104291,1730,31359,NA
"san bernardino",2016,3639228514,2139570,1701,20,NA
"san bernardino",2016,3639228514,2139570,1701,50,NA
"san bernardino",2016,3639228514,2139570,1701,36274,321
"san bernardino",2016,3639228514,2139570,1701,8110,NA
"san bernardino",2017,4141319948,2160256,1917,16,NA
"san bernardino",2017,4141319948,2160256,1917,74,NA
"san bernardino",2017,4141319948,2160256,1917,170,NA
"san bernardino",2017,4141319948,2160256,1917,46,NA
"san bernardino",2017,4141319948,2160256,1917,1503,NA
"san bernardino",2017,4141319948,2160256,1917,670,NA
"san bernardino",2017,4141319948,2160256,1917,460,NA
"san bernardino",2017,4141319948,2160256,1917,40,NA
"san bernardino",2017,4141319948,2160256,1917,20,NA
"san bernardino",2017,4141319948,2160256,1917,260,NA
"san bernardino",2017,4141319948,2160256,1917,325,NA
"san bernardino",2017,4141319948,2160256,1917,13,NA
"san bernardino",2017,4141319948,2160256,1917,34,NA
"san bernardino",2017,4141319948,2160256,1917,150,NA
"san bernardino",2017,4141319948,2160256,1917,100,NA
"san bernardino",2017,4141319948,2160256,1917,85,NA
"san bernardino",2017,4141319948,2160256,1917,99,NA
"san bernardino",2018,4394560180,2174938,2021,53,NA
"san bernardino",2018,4394560180,2174938,2021,33,NA
"san bernardino",2018,4394560180,2174938,2021,147,NA
"san bernardino",2018,4394560180,2174938,2021,100,NA
"san bernardino",2018,4394560180,2174938,2021,1350,NA
"san bernardino",2018,4394560180,2174938,2021,12,NA
"san bernardino",2018,4394560180,2174938,2021,125,NA
"san bernardino",2019,5123350918,2192203,2337,81,NA
"san bernardino",2019,5123350918,2192203,2337,15,NA
"san bernardino",2019,5123350918,2192203,2337,11,NA
"san bernardino",2019,5123350918,2192203,2337,145,NA
"san bernardino",2019,5123350918,2192203,2337,200,NA
"san bernardino",2019,5123350918,2192203,2337,156,NA
"san bernardino",2019,5123350918,2192203,2337,26,NA
"san diego",2013,3726020023,3150178,1183,100,NA
"san diego",2013,3726020023,3150178,1183,1271,NA
"san diego",2013,3726020023,3150178,1183,40,NA
"san diego",2013,3726020023,3150178,1183,2781,NA
"san diego",2013,3726020023,3150178,1183,2236,NA
"san diego",2013,3726020023,3150178,1183,25,NA
"san diego",2013,3726020023,3150178,1183,7055,149
"san diego",2013,3726020023,3150178,1183,263,NA
"san diego",2014,4051682174,3194362,1268,20,NA
"san diego",2014,4051682174,3194362,1268,600,NA
"san diego",2014,4051682174,3194362,1268,217,3
"san diego",2014,4051682174,3194362,1268,14416,NA
"san diego",2014,4051682174,3194362,1268,56,NA
"san diego",2014,4051682174,3194362,1268,380,NA
"san diego",2014,4051682174,3194362,1268,5367,NA
"san diego",2014,4051682174,3194362,1268,105,NA
"san diego",2014,4051682174,3194362,1268,125,NA
"san diego",2014,4051682174,3194362,1268,1995,40
"san diego",2014,4051682174,3194362,1268,29,NA
"san diego",2014,4051682174,3194362,1268,1457,NA
"san diego",2014,4051682174,3194362,1268,1548,NA
"san diego",2015,3961432413,3227496,1227,80,NA
"san diego",2015,3961432413,3227496,1227,1850,NA
"san diego",2015,3961432413,3227496,1227,55,NA
"san diego",2015,3961432413,3227496,1227,25,NA
"san diego",2015,3961432413,3227496,1227,25,NA
"san diego",2015,3961432413,3227496,1227,171,NA
"san diego",2015,3961432413,3227496,1227,167,NA
"san diego",2016,4055061156,3288612,1233,7609,16
"san diego",2016,4055061156,3288612,1233,35,NA
"san diego",2016,4055061156,3288612,1233,70,7
"san diego",2016,4055061156,3288612,1233,100,NA
"san diego",2016,4055061156,3288612,1233,1245,NA
"san diego",2016,4055061156,3288612,1233,28,NA
"san diego",2016,4055061156,3288612,1233,28,NA
"san diego",2017,4389789349,3316192,1324,2056,NA
"san diego",2017,4389789349,3316192,1324,12,NA
"san diego",2017,4389789349,3316192,1324,1088,NA
"san diego",2017,4389789349,3316192,1324,81,NA
"san diego",2017,4389789349,3316192,1324,130,NA
"san diego",2017,4389789349,3316192,1324,200,NA
"san diego",2017,4389789349,3316192,1324,0,NA
"san diego",2017,4389789349,3316192,1324,25,NA
"san diego",2017,4389789349,3316192,1324,1000,NA
"san diego",2017,4389789349,3316192,1324,50,NA
"san diego",2017,4389789349,3316192,1324,100,NA
"san diego",2017,4389789349,3316192,1324,36,NA
"san diego",2017,4389789349,3316192,1324,25,NA
"san diego",2017,4389789349,3316192,1324,486,NA
"san diego",2017,4389789349,3316192,1324,25,NA
"san diego",2017,4389789349,3316192,1324,4100,157
"san diego",2017,4389789349,3316192,1324,400,NA
"san diego",2017,4389789349,3316192,1324,25,NA
"san diego",2017,4389789349,3316192,1324,62,NA
"san diego",2017,4389789349,3316192,1324,255,NA
"san diego",2018,4872062011,3337456,1460,13,0
"san diego",2018,4872062011,3337456,1460,504,48
"san diego",2018,4872062011,3337456,1460,28,NA
"san diego",2018,4872062011,3337456,1460,365,NA
"san diego",2018,4872062011,3337456,1460,10,NA
"san diego",2018,4872062011,3337456,1460,12,NA
"san diego",2018,4872062011,3337456,1460,14,NA
"san diego",2018,4872062011,3337456,1460,300,NA
"san diego",2018,4872062011,3337456,1460,265,NA
"san diego",2018,4872062011,3337456,1460,12,NA
"san diego",2018,4872062011,3337456,1460,38,NA
"san diego",2018,4872062011,3337456,1460,10,NA
"san diego",2018,4872062011,3337456,1460,100,NA
"san diego",2018,4872062011,3337456,1460,207,NA
"san diego",2018,4872062011,3337456,1460,59,NA
"san diego",2018,4872062011,3337456,1460,250,NA
"san diego",2018,4872062011,3337456,1460,18,NA
"san diego",2019,5184172580,3351786,1547,120,NA
"san diego",2019,5184172580,3351786,1547,10,NA
"san diego",2019,5184172580,3351786,1547,25,NA
"san diego",2019,5184172580,3351786,1547,200,NA
"san diego",2019,5184172580,3351786,1547,15,NA
"san diego",2019,5184172580,3351786,1547,22,NA
"san diego",2019,5184172580,3351786,1547,97,NA
"san diego",2019,5184172580,3351786,1547,80,NA
"san diego",2019,5184172580,3351786,1547,50,NA
"san diego",2019,5184172580,3351786,1547,28,NA
"san diego",2019,5184172580,3351786,1547,150,NA
"san diego",2019,5184172580,3351786,1547,25,NA
"san diego",2019,5184172580,3351786,1547,52,NA
"san diego",2019,5184172580,3351786,1547,100,NA
"san diego",2019,5184172580,3351786,1547,448,NA
"san diego",2019,5184172580,3351786,1547,NA,NA
"san diego",2019,5184172580,3351786,1547,37,3
"san joaquin",2013,1050538180,698414,1504,303,NA
"san joaquin",2015,1233198136,719511,1714,122,NA
"san joaquin",2016,1230007396,733383,1677,147,NA
"san joaquin",2018,1701785835,758744,2243,62,NA
"san joaquin",2018,1701785835,758744,2243,12300,1
"san joaquin",2019,1747994295,770385,2269,44,NA
"san joaquin",2019,1747994295,770385,2269,283,NA
"san joaquin",2019,1747994295,770385,2269,90,NA
"san luis obispo",2013,466887808,272177,1715,50,NA
"san luis obispo",2013,466887808,272177,1715,500,NA
"san luis obispo",2013,466887808,272177,1715,51,NA
"san luis obispo",2013,466887808,272177,1715,85,NA
"san luis obispo",2013,466887808,272177,1715,94,NA
"san luis obispo",2013,466887808,272177,1715,35,NA
"san luis obispo",2014,516562520,272357,1897,47,NA
"san luis obispo",2015,534080222,274293,1947,1791,23
"san luis obispo",2015,534080222,274293,1947,2446,1
"san luis obispo",2015,534080222,274293,1947,95,NA
"san luis obispo",2016,536058993,277977,1928,86,NA
"san luis obispo",2016,536058993,277977,1928,0,NA
"san luis obispo",2016,536058993,277977,1928,150,NA
"san luis obispo",2016,536058993,277977,1928,3712,NA
"san luis obispo",2016,536058993,277977,1928,46344,70
"san luis obispo",2017,604606437,280101,2159,1598,4
"san luis obispo",2017,604606437,280101,2159,25,NA
"san luis obispo",2017,604606437,280101,2159,58,NA
"san luis obispo",2017,604606437,280101,2159,21,NA
"san luis obispo",2017,604606437,280101,2159,47,NA
"san luis obispo",2017,604606437,280101,2159,340,NA
"san luis obispo",2017,604606437,280101,2159,225,NA
"san luis obispo",2017,604606437,280101,2159,0,NA
"san luis obispo",2017,604606437,280101,2159,130,NA
"san luis obispo",2017,604606437,280101,2159,70,NA
"san luis obispo",2017,604606437,280101,2159,74,NA
"san luis obispo",2017,604606437,280101,2159,105,NA
"san luis obispo",2017,604606437,280101,2159,17,NA
"san luis obispo",2017,604606437,280101,2159,12,NA
"san luis obispo",2017,604606437,280101,2159,45,NA
"san luis obispo",2017,604606437,280101,2159,150,NA
"san luis obispo",2017,604606437,280101,2159,245,NA
"san luis obispo",2017,604606437,280101,2159,460,NA
"san luis obispo",2017,604606437,280101,2159,1816,NA
"san luis obispo",2017,604606437,280101,2159,28687,0
"san luis obispo",2017,604606437,280101,2159,150,NA
"san luis obispo",2017,604606437,280101,2159,775,NA
"san luis obispo",2017,604606437,280101,2159,225,NA
"san luis obispo",2017,604606437,280101,2159,73,NA
"san luis obispo",2017,604606437,280101,2159,120,NA
"san luis obispo",2018,615588420,280101,2198,80,NA
"san luis obispo",2018,615588420,280101,2198,14,NA
"san luis obispo",2018,615588420,280101,2198,260,NA
"san luis obispo",2018,615588420,280101,2198,58,NA
"san luis obispo",2018,615588420,280101,2198,12,NA
"san luis obispo",2018,615588420,280101,2198,60,NA
"san luis obispo",2018,615588420,280101,2198,25,NA
"san luis obispo",2018,615588420,280101,2198,51,NA
"san luis obispo",2018,615588420,280101,2198,10,12
"san luis obispo",2018,615588420,280101,2198,100,NA
"san luis obispo",2018,615588420,280101,2198,60,NA
"san luis obispo",2018,615588420,280101,2198,30,NA
"san luis obispo",2018,615588420,280101,2198,1500,NA
"san luis obispo",2018,615588420,280101,2198,37,NA
"san luis obispo",2019,707485856,280393,2523,120,NA
"san luis obispo",2019,707485856,280393,2523,220,0
"san luis obispo",2019,707485856,280393,2523,974,NA
"san luis obispo",2019,707485856,280393,2523,52,NA
"san luis obispo",2019,707485856,280393,2523,30,NA
"san luis obispo",2019,707485856,280393,2523,1764,NA
"san luis obispo",2019,707485856,280393,2523,95,NA
"san luis obispo",2019,707485856,280393,2523,289,NA
"san luis obispo",2019,707485856,280393,2523,835,NA
"san luis obispo",2019,707485856,280393,2523,1127,NA
"san mateo",2013,1236227553,735678,1680,41,NA
"san mateo",2017,1732198692,770203,2249,50,NA
"san mateo",2019,2280789608,774485,2945,62,NA
"santa barbara",2013,727377855,429200,1695,1984,NA
"santa barbara",2013,727377855,429200,1695,170,NA
"santa barbara",2014,703415222,433398,1623,632,NA
"santa barbara",2015,767674135,437643,1754,52,NA
"santa barbara",2015,767674135,437643,1754,211,NA
"santa barbara",2015,767674135,437643,1754,21,NA
"santa barbara",2016,786760668,446717,1761,32606,NA
"santa barbara",2016,786760668,446717,1761,215,NA
"santa barbara",2016,786760668,446717,1761,7474,NA
"santa barbara",2016,786760668,446717,1761,12518,NA
"santa barbara",2017,880935692,450663,1955,50,NA
"santa barbara",2017,880935692,450663,1955,444,NA
"santa barbara",2017,880935692,450663,1955,14,NA
"santa barbara",2017,880935692,450663,1955,14,NA
"santa barbara",2017,880935692,450663,1955,18430,NA
"santa barbara",2017,880935692,450663,1955,281893,1063
"santa barbara",2017,880935692,450663,1955,190,NA
"santa barbara",2018,917615110,453457,2024,172,NA
"santa barbara",2018,917615110,453457,2024,0,NA
"santa barbara",2018,917615110,453457,2024,1014,NA
"santa barbara",2018,917615110,453457,2024,258,NA
"santa barbara",2018,917615110,453457,2024,110,NA
"santa barbara",2018,917615110,453457,2024,60,NA
"santa barbara",2018,917615110,453457,2024,77,NA
"santa barbara",2018,917615110,453457,2024,113,24
"santa barbara",2019,1105431671,454593,2432,3126,NA
"santa barbara",2019,1105431671,454593,2432,420,NA
"santa barbara",2019,1105431671,454593,2432,100,NA
"santa barbara",2019,1105431671,454593,2432,200,NA
"santa clara",2013,4177511573,1842254,2268,50,NA
"santa clara",2013,4177511573,1842254,2268,40,NA
"santa clara",2014,3955680734,1868558,2117,125,NA
"santa clara",2014,3955680734,1868558,2117,80,NA
"santa clara",2015,4589941453,1889638,2429,215,NA
"santa clara",2015,4589941453,1889638,2429,42,NA
"santa clara",2016,5077915977,1927888,2634,4474,28
"santa clara",2016,5077915977,1927888,2634,114,NA
"santa clara",2016,5077915977,1927888,2634,100,NA
"santa clara",2016,5077915977,1927888,2634,25,NA
"santa clara",2016,5077915977,1927888,2634,25,NA
"santa clara",2017,5625107619,1938180,2902,54,NA
"santa clara",2017,5625107619,1938180,2902,101,NA
"santa clara",2017,5625107619,1938180,2902,51,NA
"santa clara",2017,5625107619,1938180,2902,70,NA
"santa clara",2017,5625107619,1938180,2902,85,NA
"santa clara",2017,5625107619,1938180,2902,100,NA
"santa clara",2017,5625107619,1938180,2902,78,NA
"santa clara",2017,5625107619,1938180,2902,100,NA
"santa clara",2018,5849545320,1956598,2990,320,1
"santa clara",2018,5849545320,1956598,2990,116,NA
"santa clara",2018,5849545320,1956598,2990,16,NA
"santa clara",2018,5849545320,1956598,2990,70,NA
"santa clara",2018,5849545320,1956598,2990,30,NA
"santa clara",2018,5849545320,1956598,2990,70,NA
"santa clara",2018,5849545320,1956598,2990,20,NA
"santa clara",2018,5849545320,1956598,2990,51,NA
"santa clara",2018,5849545320,1956598,2990,63,NA
"santa clara",2019,6656896820,1954286,3406,128,NA
"santa clara",2019,6656896820,1954286,3406,210,NA
"santa clara",2019,6656896820,1954286,3406,17,NA
"santa clara",2019,6656896820,1954286,3406,60,NA
"santa clara",2019,6656896820,1954286,3406,74,NA
"santa clara",2019,6656896820,1954286,3406,35,NA
"santa clara",2019,6656896820,1954286,3406,144,NA
"santa clara",2019,6656896820,1954286,3406,47,NA
"santa clara",2019,6656896820,1954286,3406,35,NA
"santa clara",2019,6656896820,1954286,3406,80,NA
"santa cruz",2017,566813218,276603,2049,391,6
"santa cruz",2018,598600452,276864,2162,17,NA
"santa cruz",2018,598600452,276864,2162,10,NA
"santa cruz",2019,665270259,274871,2420,10,NA
"shasta",2013,285317564,178601,1598,8073,201
"shasta",2013,285317564,178601,1598,43,NA
"shasta",2013,285317564,178601,1598,33,NA
"shasta",2013,285317564,178601,1598,196,NA
"shasta",2013,285317564,178601,1598,27,NA
"shasta",2013,285317564,178601,1598,34,NA
"shasta",2014,282125313,179412,1572,25,NA
"shasta",2014,282125313,179412,1572,32416,21
"shasta",2014,282125313,179412,1572,50,NA
"shasta",2014,282125313,179412,1572,12661,20
"shasta",2014,282125313,179412,1572,143,NA
"shasta",2014,282125313,179412,1572,75,NA
"shasta",2014,282125313,179412,1572,6258,NA
"shasta",2014,282125313,179412,1572,39736,NA
"shasta",2014,282125313,179412,1572,1375,4
"shasta",2015,279509714,178673,1564,59,NA
"shasta",2015,279509714,178673,1564,212,5
"shasta",2015,279509714,178673,1564,75,NA
"shasta",2015,279509714,178673,1564,18,NA
"shasta",2015,279509714,178673,1564,109,NA
"shasta",2015,279509714,178673,1564,75,1
"shasta",2015,279509714,178673,1564,90,NA
"shasta",2016,289870881,178592,1623,75,NA
"shasta",2016,289870881,178592,1623,441,1
"shasta",2016,289870881,178592,1623,11,NA
"shasta",2016,289870881,178592,1623,100,NA
"shasta",2016,289870881,178592,1623,24,NA
"shasta",2016,289870881,178592,1623,35,NA
"shasta",2017,325291176,178605,1821,128,NA
"shasta",2017,325291176,178605,1821,21,NA
"shasta",2017,325291176,178605,1821,17,NA
"shasta",2017,325291176,178605,1821,17,NA
"shasta",2017,325291176,178605,1821,25,NA
"shasta",2017,325291176,178605,1821,37,NA
"shasta",2017,325291176,178605,1821,180,5
"shasta",2017,325291176,178605,1821,45,NA
"shasta",2017,325291176,178605,1821,40,NA
"shasta",2017,325291176,178605,1821,995,NA
"shasta",2017,325291176,178605,1821,10,NA
"shasta",2018,364618422,178271,2045,229651,1614
"shasta",2018,364618422,178271,2045,1900,NA
"shasta",2018,364618422,178271,2045,38,NA
"shasta",2018,364618422,178271,2045,35,NA
"shasta",2018,364618422,178271,2045,13,NA
"shasta",2018,364618422,178271,2045,46150,NA
"shasta",2018,364618422,178271,2045,31,NA
"shasta",2018,364618422,178271,2045,11,NA
"shasta",2018,364618422,178271,2045,63311,42
"shasta",2018,364618422,178271,2045,12,NA
"shasta",2018,364618422,178271,2045,328,NA
"shasta",2018,364618422,178271,2045,155,NA
"shasta",2018,364618422,178271,2045,1678,11
"shasta",2018,364618422,178271,2045,76,1
"shasta",2018,364618422,178271,2045,63,NA
"shasta",2018,364618422,178271,2045,51,NA
"shasta",2019,380377816,178773,2128,30,NA
"shasta",2019,380377816,178773,2128,156,NA
"shasta",2019,380377816,178773,2128,16,NA
"shasta",2019,380377816,178773,2128,46,NA
"shasta",2019,380377816,178773,2128,30,NA
"shasta",2019,380377816,178773,2128,30,NA
"shasta",2019,380377816,178773,2128,90,NA
"shasta",2019,380377816,178773,2128,42,NA
"shasta",2019,380377816,178773,2128,600,14
"sierra",2017,19247389,3207,6002,747,NA
"sierra",2017,19247389,3207,6002,168,NA
"siskiyou",2013,84578397,44796,1888,14754,NA
"siskiyou",2013,84578397,44796,1888,40,NA
"siskiyou",2013,84578397,44796,1888,50,NA
"siskiyou",2014,90699766,45231,2005,516,165
"siskiyou",2014,90699766,45231,2005,0,NA
"siskiyou",2014,90699766,45231,2005,32496,NA
"siskiyou",2014,90699766,45231,2005,30,NA
"siskiyou",2014,90699766,45231,2005,5503,NA
"siskiyou",2014,90699766,45231,2005,50042,NA
"siskiyou",2014,90699766,45231,2005,35302,NA
"siskiyou",2015,92420912,45119,2048,200,NA
"siskiyou",2015,92420912,45119,2048,69,NA
"siskiyou",2015,92420912,45119,2048,181,NA
"siskiyou",2015,92420912,45119,2048,24,NA
"siskiyou",2015,92420912,45119,2048,58,NA
"siskiyou",2016,88510849,44739,1978,26,NA
"siskiyou",2016,88510849,44739,1978,33867,NA
"siskiyou",2016,88510849,44739,1978,2860,NA
"siskiyou",2016,88510849,44739,1978,710,5
"siskiyou",2016,88510849,44739,1978,32,NA
"siskiyou",2016,88510849,44739,1978,23,NA
"siskiyou",2016,88510849,44739,1978,56,NA
"siskiyou",2017,96104592,44688,2151,78698,NA
"siskiyou",2017,96104592,44688,2151,27276,NA
"siskiyou",2017,96104592,44688,2151,56,NA
"siskiyou",2017,96104592,44688,2151,54,NA
"siskiyou",2017,96104592,44688,2151,46,NA
"siskiyou",2017,96104592,44688,2151,0,NA
"siskiyou",2017,96104592,44688,2151,19,NA
"siskiyou",2017,96104592,44688,2151,41,NA
"siskiyou",2017,96104592,44688,2151,0,NA
"siskiyou",2017,96104592,44688,2151,469,NA
"siskiyou",2017,96104592,44688,2151,155,NA
"siskiyou",2017,96104592,44688,2151,55,NA
"siskiyou",2017,96104592,44688,2151,39715,NA
"siskiyou",2017,96104592,44688,2151,3142,NA
"siskiyou",2017,96104592,44688,2151,0,NA
"siskiyou",2017,96104592,44688,2151,54,NA
"siskiyou",2018,107583647,44612,2412,38008,83
"siskiyou",2018,107583647,44612,2412,224,NA
"siskiyou",2018,107583647,44612,2412,37,NA
"siskiyou",2018,107583647,44612,2412,10,NA
"siskiyou",2018,107583647,44612,2412,27,NA
"siskiyou",2018,107583647,44612,2412,12,NA
"siskiyou",2018,107583647,44612,2412,215,NA
"siskiyou",2018,107583647,44612,2412,127,NA
"siskiyou",2018,107583647,44612,2412,15,NA
"siskiyou",2018,107583647,44612,2412,63,NA
"siskiyou",2019,112614732,44584,2526,83,NA
"siskiyou",2019,112614732,44584,2526,207,NA
"siskiyou",2019,112614732,44584,2526,227,NA
"siskiyou",2019,112614732,44584,2526,1872,NA
"siskiyou",2019,112614732,44584,2526,10,NA
"siskiyou",2019,112614732,44584,2526,35,NA
"siskiyou",2019,112614732,44584,2526,15,NA
"siskiyou",2019,112614732,44584,2526,17,NA
"siskiyou",2019,112614732,44584,2526,91,NA
"solano",2013,614609630,418387,1469,28,NA
"solano",2013,614609630,418387,1469,124,NA
"solano",2014,584957743,424233,1379,70,NA
"solano",2015,601544357,429552,1400,150,NA
"solano",2015,601544357,429552,1400,40,NA
"solano",2016,655785885,431498,1520,57,NA
"solano",2017,713850543,436023,1637,51624,120
"solano",2017,713850543,436023,1637,39,NA
"solano",2017,713850543,436023,1637,100,NA
"solano",2017,713850543,436023,1637,55,2
"solano",2018,762135735,439793,1733,1500,NA
"solano",2018,762135735,439793,1733,160,NA
"solano",2018,762135735,439793,1733,4500,NA
"solano",2018,762135735,439793,1733,2162,1
"solano",2019,778984684,441307,1765,140,NA
"solano",2019,778984684,441307,1765,183,NA
"solano",2019,778984684,441307,1765,24,NA
"solano",2019,778984684,441307,1765,81,NA
"solano",2019,778984684,441307,1765,30,NA
"sonoma",2013,807618219,490423,1647,125,NA
"sonoma",2013,807618219,490423,1647,3505,1
"sonoma",2013,807618219,490423,1647,158,NA
"sonoma",2013,807618219,490423,1647,28,NA
"sonoma",2013,807618219,490423,1647,159,NA
"sonoma",2016,897391618,501959,1788,1547,NA
"sonoma",2017,1070620681,505120,2120,100,NA
"sonoma",2017,1070620681,505120,2120,20,NA
"sonoma",2017,1070620681,505120,2120,36807,5636
"sonoma",2017,1070620681,505120,2120,11,NA
"sonoma",2017,1070620681,505120,2120,1868,NA
"sonoma",2017,1070620681,505120,2120,18,NA
"sonoma",2017,1070620681,505120,2120,0,NA
"sonoma",2017,1070620681,505120,2120,56556,1355
"sonoma",2017,1070620681,505120,2120,17357,6
"sonoma",2017,1070620681,505120,2120,1660,NA
"sonoma",2018,1195437939,503332,2375,10,NA
"sonoma",2019,1266760855,500675,2530,77758,374
"stanislaus",2013,744277116,524124,1420,150,NA
"stanislaus",2014,776130194,526042,1475,37,NA
"stanislaus",2015,818809796,532297,1538,40,NA
"stanislaus",2016,888198544,540214,1644,140,NA
"stanislaus",2016,888198544,540214,1644,120,NA
"stanislaus",2016,888198544,540214,1644,100,NA
"stanislaus",2017,1039155522,548057,1896,13,NA
"stanislaus",2017,1039155522,548057,1896,1749,NA
"stanislaus",2017,1039155522,548057,1896,5247,NA
"stanislaus",2017,1039155522,548057,1896,62,NA
"stanislaus",2017,1039155522,548057,1896,65,NA
"stanislaus",2017,1039155522,548057,1896,19,NA
"stanislaus",2018,1106325374,555624,1991,63,NA
"stanislaus",2019,1180957213,558972,2113,18,NA
"stanislaus",2019,1180957213,558972,2113,190,NA
"stanislaus",2019,1180957213,558972,2113,35,NA
"stanislaus",2019,1180957213,558972,2113,2422,NA
"stanislaus",2019,1180957213,558972,2113,600,NA
"stanislaus",2019,1180957213,558972,2113,11,NA
"stanislaus",2019,1180957213,558972,2113,202,NA
"sutter",2016,147910514,97308,1520,300,NA
"sutter",2018,193095959,97238,1986,1200,NA
"sutter",2019,236018824,97490,2421,1350,NA
"tehama",2013,103104029,63772,1617,195,NA
"tehama",2013,103104029,63772,1617,75,NA
"tehama",2013,103104029,63772,1617,11429,NA
"tehama",2013,103104029,63772,1617,200,NA
"tehama",2013,103104029,63772,1617,6965,NA
"tehama",2014,122148170,63717,1917,225,NA
"tehama",2014,122148170,63717,1917,865,NA
"tehama",2015,113479286,64323,1764,55,NA
"tehama",2015,113479286,64323,1764,170,NA
"tehama",2015,113479286,64323,1764,110,1
"tehama",2016,112894969,63934,1766,88,NA
"tehama",2016,112894969,63934,1766,360,NA
"tehama",2016,112894969,63934,1766,11,NA
"tehama",2016,112894969,63934,1766,43,NA
"tehama",2016,112894969,63934,1766,80,NA
"tehama",2016,112894969,63934,1766,464,NA
"tehama",2016,112894969,63934,1766,80,NA
"tehama",2017,129744232,63995,2027,57,NA
"tehama",2017,129744232,63995,2027,20,NA
"tehama",2017,129744232,63995,2027,42,NA
"tehama",2017,129744232,63995,2027,60,NA
"tehama",2017,129744232,63995,2027,10,NA
"tehama",2017,129744232,63995,2027,194,NA
"tehama",2017,129744232,63995,2027,29,NA
"tehama",2017,129744232,63995,2027,15,NA
"tehama",2017,129744232,63995,2027,43,NA
"tehama",2017,129744232,63995,2027,78,NA
"tehama",2017,129744232,63995,2027,40,NA
"tehama",2018,129771624,64039,2026,3889,NA
"tehama",2018,129771624,64039,2026,70,NA
"tehama",2018,129771624,64039,2026,60,NA
"tehama",2018,129771624,64039,2026,10,NA
"tehama",2018,129771624,64039,2026,2956,5
"tehama",2018,129771624,64039,2026,170,NA
"tehama",2018,129771624,64039,2026,268,24
"tehama",2018,129771624,64039,2026,33,NA
"tehama",2018,129771624,64039,2026,856,NA
"tehama",2018,129771624,64039,2026,3716,NA
"tehama",2018,129771624,64039,2026,23,NA
"tehama",2018,129771624,64039,2026,261,NA
"tehama",2018,129771624,64039,2026,103,NA
"tehama",2018,129771624,64039,2026,50,NA
"tehama",2019,141114148,64387,2192,63,NA
"tehama",2019,141114148,64387,2192,2534,NA
"tehama",2019,141114148,64387,2192,605,NA
"tehama",2019,141114148,64387,2192,46,NA
"tehama",2019,141114148,64387,2192,8838,2
"tehama",2019,141114148,64387,2192,68,NA
"tehama",2019,141114148,64387,2192,5332,NA
"trinity",2014,46641275,13389,3484,580,1
"trinity",2014,46641275,13389,3484,15,NA
"trinity",2015,50487997,13571,3720,36503,NA
"trinity",2015,50487997,13571,3720,1542,NA
"trinity",2015,50487997,13571,3720,0,NA
"trinity",2015,50487997,13571,3720,77081,NA
"trinity",2015,50487997,13571,3720,128,NA
"trinity",2015,50487997,13571,3720,29416,NA
"trinity",2015,50487997,13571,3720,35,NA
"trinity",2017,52351633,13628,3841,13417,NA
"trinity",2017,52351633,13628,3841,32,NA
"trinity",2017,52351633,13628,3841,4736,NA
"trinity",2017,52351633,13628,3841,148,NA
"trinity",2017,52351633,13628,3841,32,NA
"trinity",2017,52351633,13628,3841,21846,NA
"trinity",2018,61360368,13635,4500,300,NA
"trinity",2018,61360368,13635,4500,1751,NA
"trinity",2018,61360368,13635,4500,229651,1614
"trinity",2018,61360368,13635,4500,63311,42
"trinity",2019,60099392,13688,4391,280,NA
"trinity",2019,60099392,13688,4391,244,NA
"tulare",2013,669540337,455599,1470,2060,NA
"tulare",2013,669540337,455599,1470,134,NA
"tulare",2015,711263207,462189,1539,430,NA
"tulare",2015,711263207,462189,1539,86,NA
"tulare",2015,711263207,462189,1539,6980,NA
"tulare",2016,750322651,466339,1609,0,NA
"tulare",2016,750322651,466339,1609,4347,NA
"tulare",2016,750322651,466339,1609,395,NA
"tulare",2016,750322651,466339,1609,10,NA
"tulare",2017,833047726,471842,1766,2295,NA
"tulare",2017,833047726,471842,1766,59,NA
"tulare",2017,833047726,471842,1766,21,NA
"tulare",2017,833047726,471842,1766,0,NA
"tulare",2017,833047726,471842,1766,79,NA
"tulare",2017,833047726,471842,1766,339,NA
"tulare",2017,833047726,471842,1766,135,NA
"tulare",2017,833047726,471842,1766,58,NA
"tulare",2017,833047726,471842,1766,2289,NA
"tulare",2017,833047726,471842,1766,416,NA
"tulare",2017,833047726,471842,1766,18900,NA
"tulare",2017,833047726,471842,1766,36556,2
"tulare",2017,833047726,471842,1766,16031,NA
"tulare",2018,907474356,475834,1907,26,NA
"tulare",2018,907474356,475834,1907,668,NA
"tulare",2018,907474356,475834,1907,34,NA
"tulare",2018,907474356,475834,1907,100,NA
"tulare",2018,907474356,475834,1907,120,NA
"tulare",2018,907474356,475834,1907,33,NA
"tulare",2019,1007063062,479112,2102,47,NA
"tulare",2019,1007063062,479112,2102,155,NA
"tulare",2019,1007063062,479112,2102,25,NA
"tulare",2019,1007063062,479112,2102,257,NA
"tulare",2019,1007063062,479112,2102,33,NA
"tulare",2019,1007063062,479112,2102,756,0
"tulare",2019,1007063062,479112,2102,381,NA
"tuolumne",2013,100646436,54360,1851,100,NA
"tuolumne",2013,100646436,54360,1851,257314,NA
"tuolumne",2013,100646436,54360,1851,1070,NA
"tuolumne",2014,103434997,53604,1930,269,NA
"tuolumne",2014,103434997,53604,1930,70,NA
"tuolumne",2014,103434997,53604,1930,487,NA
"tuolumne",2015,115533216,54337,2126,108,3
"tuolumne",2015,115533216,54337,2126,204,NA
"tuolumne",2015,115533216,54337,2126,112,NA
"tuolumne",2016,119346186,54900,2174,85,NA
"tuolumne",2016,119346186,54900,2174,32,NA
"tuolumne",2016,119346186,54900,2174,1080,NA
"tuolumne",2017,146765324,54707,2683,39,NA
"tuolumne",2017,146765324,54707,2683,38,NA
"tuolumne",2017,146765324,54707,2683,690,NA
"tuolumne",2017,146765324,54707,2683,124,NA
"tuolumne",2017,146765324,54707,2683,20,NA
"tuolumne",2018,153248781,54740,2800,163,NA
"tuolumne",2018,153248781,54740,2800,573,NA
"tuolumne",2018,153248781,54740,2800,36450,NA
"tuolumne",2019,176162121,54590,3227,21,NA
"tuolumne",2019,176162121,54590,3227,83,NA
"ventura",2013,1378237404,835436,1650,64,NA
"ventura",2013,1378237404,835436,1650,44,NA
"ventura",2013,1378237404,835436,1650,24251,10
"ventura",2013,1378237404,835436,1650,4346,NA
"ventura",2014,1461065531,842967,1733,25,NA
"ventura",2015,1507676039,848073,1778,164,NA
"ventura",2015,1507676039,848073,1778,186,NA
"ventura",2015,1507676039,848073,1778,50,NA
"ventura",2015,1507676039,848073,1778,29,NA
"ventura",2015,1507676039,848073,1778,282,NA
"ventura",2016,1545674626,856508,1805,15,NA
"ventura",2016,1545674626,856508,1805,50,NA
"ventura",2016,1545674626,856508,1805,45,NA
"ventura",2016,1545674626,856508,1805,20,NA
"ventura",2016,1545674626,856508,1805,2304,NA
"ventura",2016,1545674626,856508,1805,78,NA
"ventura",2017,1900770086,857386,2217,86,NA
"ventura",2017,1900770086,857386,2217,281893,1063
"ventura",2017,1900770086,857386,2217,50,NA
"ventura",2018,1993356302,859073,2320,4531,4
"ventura",2018,1993356302,859073,2320,186,NA
"ventura",2018,1993356302,859073,2320,0,NA
"ventura",2018,1993356302,859073,2320,96949,1643
"ventura",2018,1993356302,859073,2320,150,NA
"ventura",2019,2338009501,856598,2729,91,NA
"ventura",2019,2338009501,856598,2729,9999,4
"ventura",2019,2338009501,856598,2729,1806,NA
"ventura",2019,2338009501,856598,2729,131,NA
"ventura",2019,2338009501,856598,2729,200,NA
"ventura",2019,2338009501,856598,2729,279,NA
"yolo",2013,287170871,205999,1394,163,NA
"yolo",2014,290297398,206381,1407,6488,NA
"yolo",2016,312607775,214555,1457,5731,2
"yolo",2016,312607775,214555,1457,277,NA
"yolo",2016,312607775,214555,1457,84,NA
"yolo",2017,329855079,218896,1507,2269,NA
"yolo",2018,388966661,221270,1758,90288,29
"yolo",2018,388966661,221270,1758,14,NA
"yolo",2018,388966661,221270,1758,822,NA
"yolo",2019,427372305,222581,1920,NA,NA
"yolo",2019,427372305,222581,1920,2512,7
"yolo",2019,427372305,222581,1920,33,NA
"yuba",2013,139896418,73439,1905,73,NA
"yuba",2015,174267866,74076,2353,158,NA
"yuba",2015,174267866,74076,2353,30,NA
"yuba",2016,169254751,74345,2277,400,NA
"yuba",2017,171928957,74577,2305,867,NA
"yuba",2017,171928957,74577,2305,9989,264
"yuba",2017,171928957,74577,2305,10,NA
"yuba",2017,171928957,74577,2305,50,NA
"yuba",2017,171928957,74577,2305,39,5
"yuba",2017,171928957,74577,2305,26,NA
"yuba",2019,223336366,77916,2866,80,NA
"yuba",2019,223336366,77916,2866,80,NA
"yuba",2019,223336366,77916,2866,38,NA
"yuba",2019,223336366,77916,2866,70,NA
