"County","Year","Total.Revenues","Estimated.Population","Revenues.Per.Capita","AcresBurned","StructuresDestroyed","year_before","Revenue.Before","Population.Before","year_after","Revenue.After","Population.After"
"ALAMEDA",2015,2459908014,1594569,1543,2700,NA,2014,2448572609,1573254,2016,2638195535,1627865
"AMADOR",2014,63278973,36151,1750,4240,67,2013,57628482,36741,2015,69467537,36312
"BUTTE",2013,347423855,221485,1569,2462,7,2012,351293697,221273,2014,339367456,222316
"BUTTE",2015,364962980,224323,1627,1042,NA,2014,339367456,222316,2016,369579116,224601
"BUTTE",2017,405180116,226404,1790,6151,74,2016,369579116,224601,2018,423294813,227621
"BUTTE",2017,405180116,226404,1790,8417,6,2016,369579116,224601,2018,423294813,227621
"BUTTE",2017,405180116,226404,1790,4016,54,2016,369579116,224601,2018,423294813,227621
"BUTTE",2017,405180116,226404,1790,6033,41,2016,369579116,224601,2018,423294813,227621
"BUTTE",2018,423294813,227621,1860,153336,18804,2017,405180116,226404,2019,462029993,226466
"COLUSA",2018,61167967,22098,2768,48920,35,2017,56417543,22043,2019,66171628,22117
"COLUSA",2018,61167967,22098,2768,410203,246,2017,56417543,22043,2019,66171628,22117
"CONTRA COSTA",2013,2221080341,1074702,2067,3111,NA,2012,2068070533,1065117,2014,2333410531,1087008
"DEL NORTE",2015,68798879,28031,2454,30361,NA,2014,68122777,28131,2016,71405306,26811
"DEL NORTE",2015,68798879,28031,2454,7509,NA,2014,68122777,28131,2016,71405306,26811
"EL DORADO",2014,293637831,182404,1610,4240,67,2013,284773753,182286,2015,291471085,184917
"EL DORADO",2014,293637831,182404,1610,97717,80,2013,284773753,182286,2015,291471085,184917
"EL DORADO",2016,310061101,183750,1687,5646,NA,2015,291471085,184917,2017,320597586,185062
"EL DORADO",2019,447199542,191848,2331,3435,NA,2018,333516608,188399,2020,462093559,193227
"FRESNO",2013,1268655618,952166,1332,22992,NA,2012,1203004648,945711,2014,1318767726,964040
"FRESNO",2015,1376617063,972297,1416,151623,NA,2014,1318767726,964040,2016,1488440576,984541
"FRESNO",2016,1488440576,984541,1512,2241,4,2015,1376617063,972297,2017,1683934000,995975
"FRESNO",2016,1488440576,984541,1512,2944,NA,2015,1376617063,972297,2017,1683934000,995975
"FRESNO",2016,1488440576,984541,1512,7050,2,2015,1376617063,972297,2017,1683934000,995975
"FRESNO",2016,1488440576,984541,1512,2100,NA,2015,1376617063,972297,2017,1683934000,995975
"FRESNO",2017,1683934000,995975,1691,10343,NA,2016,1488440576,984541,2018,1770913000,1007229
"FRESNO",2017,1683934000,995975,1691,1649,NA,2016,1488440576,984541,2018,1770913000,1007229
"FRESNO",2017,1683934000,995975,1691,1538,NA,2016,1488440576,984541,2018,1770913000,1007229
"FRESNO",2017,1683934000,995975,1691,5738,NA,2016,1488440576,984541,2018,1770913000,1007229
"GLENN",2018,84691057,28796,2941,410203,246,2017,74713016,28731,2019,91677332,29132
"GLENN",2018,84691057,28796,2941,2290,1,2017,74713016,28731,2019,91677332,29132
"HUMBOLDT",2013,237749673,135209,1758,12503,NA,2012,242001920,134587,2014,255394014,134648
"HUMBOLDT",2015,263699647,134398,1962,4883,7,2014,255394014,134648,2016,278719066,135116
"HUMBOLDT",2018,367766900,136002,2704,3674,NA,2017,307219596,136953,2019,388436302,135333
"INYO",2015,68983106,18574,3714,7000,40,2014,68985619,18590,2016,70957422,18650
"INYO",2016,70957422,18650,3805,5443,NA,2015,68983106,18574,2017,75895392,18619
"INYO",2018,79628705,18577,4286,2070,NA,2017,75895392,18619,2019,84868491,18593
"INYO",2018,79628705,18577,4286,2883,NA,2017,75895392,18619,2019,84868491,18593
"INYO",2018,79628705,18577,4286,1265,NA,2017,75895392,18619,2019,84868491,18593
"INYO",2019,84868491,18593,4565,1975,NA,2018,79628705,18577,2020,89366804,18584
"INYO",2019,84868491,18593,4565,10296,NA,2018,79628705,18577,2020,89366804,18584
"KERN",2013,1677222851,857882,1955,4346,NA,2012,1617401714,850006,2014,1698256686,873092
"KERN",2014,1698256686,873092,1945,3895,NA,2013,1677222851,857882,2015,1799121449,874264
"KERN",2014,1698256686,873092,1945,4045,NA,2013,1677222851,857882,2015,1799121449,874264
"KERN",2014,1698256686,873092,1945,1680,NA,2013,1677222851,857882,2015,1799121449,874264
"KERN",2016,1832093877,886507,2067,29322,NA,2015,1799121449,874264,2017,1834349504,895112
"KERN",2016,1832093877,886507,2067,48019,NA,2015,1799121449,874264,2017,1834349504,895112
"KERN",2016,1832093877,886507,2067,1785,NA,2015,1799121449,874264,2017,1834349504,895112
"KERN",2017,1834349504,895112,2049,1522,NA,2016,1832093877,886507,2018,1862364108,905801
"KERN",2017,1834349504,895112,2049,1319,NA,2016,1832093877,886507,2018,1862364108,905801
"KERN",2017,1834349504,895112,2049,1350,NA,2016,1832093877,886507,2018,1862364108,905801
"KERN",2017,1834349504,895112,2049,1200,NA,2016,1832093877,886507,2018,1862364108,905801
"KERN",2017,1834349504,895112,2049,1083,NA,2016,1832093877,886507,2018,1862364108,905801
"KERN",2017,1834349504,895112,2049,1626,NA,2016,1832093877,886507,2018,1862364108,905801
"KERN",2017,1834349504,895112,2049,2940,NA,2016,1832093877,886507,2018,1862364108,905801
"KERN",2018,1862364108,905801,2056,2950,NA,2017,1834349504,895112,2019,1910928208,916464
"KERN",2019,1910928208,916464,2085,2500,NA,2018,1862364108,905801,2020,2068423396,917553
"KINGS",2017,268613402,149537,1796,2312,NA,2016,239998723,150373,2018,274851463,151662
"KINGS",2017,268613402,149537,1796,48889,1,2016,239998723,150373,2018,274851463,151662
"KINGS",2018,274851463,151662,1812,2995,NA,2017,268613402,149537,2019,295343229,153710
"LAKE",2014,122092336,64699,1887,4300,9,2013,113536967,64531,2015,124266357,64918
"LAKE",2015,124266357,64918,1914,25118,27,2014,122092336,64699,2016,149993687,64306
"LAKE",2015,124266357,64918,1914,69438,96,2014,122092336,64699,2016,149993687,64306
"LAKE",2016,149993687,64306,2332,3929,300,2015,124266357,64918,2017,141621306,64945
"LAKE",2017,141621306,64945,2181,2207,162,2016,149993687,64306,2018,148872930,65081
"LAKE",2018,148872930,65081,2288,48920,35,2017,141621306,64945,2019,187904772,65071
"LAKE",2018,148872930,65081,2288,410203,246,2017,141621306,64945,2019,187904772,65071
"LAKE",2018,148872930,65081,2288,15185,22,2017,141621306,64945,2019,187904772,65071
"LASSEN",2015,61709330,32092,1923,10570,NA,2014,58101710,32581,2016,63591051,30780
"LASSEN",2016,63591051,30780,2066,2575,7,2015,61709330,32092,2017,64789003,30918
"LASSEN",2017,64789003,30918,2096,6042,NA,2016,63591051,30780,2018,68779787,30911
"LASSEN",2017,64789003,30918,2096,18618,NA,2016,63591051,30780,2018,68779787,30911
"LASSEN",2017,64789003,30918,2096,83733,NA,2016,63591051,30780,2018,68779787,30911
"LASSEN",2018,68779787,30911,2225,18703,NA,2017,64789003,30918,2019,72911743,30150
"LASSEN",2019,72911743,30150,2418,2438,NA,2018,68779787,30911,2020,81257321,28833
"LASSEN",2019,72911743,30150,2418,3380,NA,2018,68779787,30911,2020,81257321,28833
"LASSEN",2019,72911743,30150,2418,1020,NA,2018,68779787,30911,2020,81257321,28833
"LOS ANGELES",2013,18594909311,9958091,1867,30274,NA,2012,17396447967,9884632,2014,19367532018,10041797
"LOS ANGELES",2014,19367532018,10041797,1929,1952,NA,2013,18594909311,9958091,2015,20236668800,10136559
"LOS ANGELES",2016,20636464907,10241335,2015,4824,NA,2015,20236668800,10136559,2017,23422437171,10241278
"LOS ANGELES",2016,20636464907,10241335,2015,1109,NA,2015,20236668800,10136559,2017,23422437171,10241278
"LOS ANGELES",2016,20636464907,10241335,2015,5399,NA,2015,20236668800,10136559,2017,23422437171,10241278
"LOS ANGELES",2017,23422437171,10241278,2287,6049,6,2016,20636464907,10241335,2018,24829342650,10283729
"LOS ANGELES",2017,23422437171,10241278,2287,7194,NA,2016,20636464907,10241335,2018,24829342650,10283729
"LOS ANGELES",2017,23422437171,10241278,2287,15619,37,2016,20636464907,10241335,2018,24829342650,10283729
"LOS ANGELES",2018,24829342650,10283729,2414,3380,NA,2017,23422437171,10241278,2019,28159902983,10253716
"LOS ANGELES",2018,24829342650,10283729,2414,1352,NA,2017,23422437171,10241278,2019,28159902983,10253716
"LOS ANGELES",2018,24829342650,10283729,2414,96949,1643,2017,23422437171,10241278,2019,28159902983,10253716
"LOS ANGELES",2019,28159902983,10253716,2746,4615,22,2018,24829342650,10283729,2020,29959688130,10172951
"LOS ANGELES",2019,28159902983,10253716,2746,8799,19,2018,24829342650,10283729,2020,29959688130,10172951
"MADERA",2014,183041936,153897,1189,13838,NA,2013,186381002,152711,2015,206640230,155878
"MADERA",2015,206640230,155878,1326,5702,NA,2014,183041936,153897,2016,216823054,155349
"MADERA",2017,244396339,156492,1562,12407,NA,2016,216823054,155349,2018,267664692,158894
"MADERA",2017,244396339,156492,1562,1431,NA,2016,216823054,155349,2018,267664692,158894
"MADERA",2017,244396339,156492,1562,1035,4,2016,216823054,155349,2018,267664692,158894
"MADERA",2018,267664692,158894,1685,4064,NA,2017,244396339,156492,2019,305627409,159536
"MARIPOSA",2013,55737470,18026,3092,1708,NA,2012,56691069,17716,2014,57679389,18467
"MARIPOSA",2014,57679389,18467,3123,4772,NA,2013,55737470,18026,2015,60063662,17791
"MARIPOSA",2014,57679389,18467,3123,1080,NA,2013,55737470,18026,2015,60063662,17791
"MARIPOSA",2014,57679389,18467,3123,4689,NA,2013,55737470,18026,2015,60063662,17791
"MARIPOSA",2017,71395521,18148,3934,7000,NA,2016,66657856,18159,2018,77874291,18129
"MARIPOSA",2017,71395521,18148,3934,81826,131,2016,66657856,18159,2018,77874291,18129
"MARIPOSA",2017,71395521,18148,3934,8094,NA,2016,66657856,18159,2018,77874291,18129
"MARIPOSA",2018,77874291,18129,4296,96901,NA,2017,71395521,18148,2019,82902148,18068
"MARIPOSA",2019,82902148,18068,4588,1300,NA,2018,77874291,18129,2020,88255323,18067
"MARIPOSA",2019,82902148,18068,4588,5563,1,2018,77874291,18129,2020,88255323,18067
"MENDOCINO",2014,186975941,89029,2100,12536,NA,2013,183588351,88291,2015,198654917,88863
"MENDOCINO",2017,235560312,89134,2643,36523,546,2016,206272668,88378,2018,245693086,89299
"MENDOCINO",2018,245693086,89299,2751,48920,35,2017,235560312,89134,2019,277498649,89009
"MENDOCINO",2018,245693086,89299,2751,410203,246,2017,235560312,89134,2019,277498649,89009
"MERCED",2015,413448831,266134,1554,1450,NA,2014,405719802,264922,2016,439271510,271579
"MERCED",2015,413448831,266134,1554,1333,NA,2014,405719802,264922,2016,439271510,271579
"MERCED",2016,439271510,271579,1617,1246,NA,2015,413448831,266134,2017,520964183,274665
"MERCED",2017,520964183,274665,1897,1800,NA,2016,439271510,271579,2018,552168265,279977
"MERCED",2018,552168265,279977,1972,4564,NA,2017,520964183,274665,2019,593333567,282928
"MERCED",2018,552168265,279977,1972,1756,NA,2017,520964183,274665,2019,593333567,282928
"MODOC",2014,26943389,9197,2930,13153,6,2013,28451670,9522,2015,30609001,9399
"MODOC",2014,26943389,9197,2930,1469,NA,2013,28451670,9522,2015,30609001,9399
"MODOC",2014,26943389,9197,2930,1651,NA,2013,28451670,9522,2015,30609001,9399
"MODOC",2015,30609001,9399,3257,4863,NA,2014,26943389,9197,2016,31283043,9638
"MODOC",2016,31283043,9638,3246,2652,NA,2015,30609001,9399,2017,30863325,9580
"MODOC",2017,30863325,9580,3222,83120,NA,2016,31283043,9638,2018,31249727,9612
"MODOC",2017,30863325,9580,3222,7697,NA,2016,31283043,9638,2018,31249727,9612
"MODOC",2018,31249727,9612,3251,39387,NA,2017,30863325,9580,2019,34779955,9602
"MODOC",2018,31249727,9612,3251,2100,NA,2017,30863325,9580,2019,34779955,9602
"MODOC",2019,34779955,9602,3622,5737,NA,2018,31249727,9612,2020,38362949,9570
"MODOC",2019,34779955,9602,3622,14217,NA,2018,31249727,9612,2020,38362949,9570
"MONO",2015,52282402,14695,3558,3676,NA,2014,53253721,14143,2016,59722817,13721
"MONO",2015,52282402,14695,3558,7000,40,2014,53253721,14143,2016,59722817,13721
"MONO",2016,59722817,13721,4353,2819,NA,2015,52282402,14695,2017,58065258,13713
"MONO",2017,58065258,13713,4234,8925,NA,2016,59722817,13721,2018,64774317,13822
"MONO",2018,64774317,13822,4686,6974,NA,2017,58065258,13713,2019,65803733,13616
"MONO",2019,65803733,13616,4833,4840,NA,2018,64774317,13822,2020,69249578,13464
"MONTEREY",2014,816486584,425756,1918,4840,NA,2013,802605729,421494,2015,889396769,425413
"MONTEREY",2015,889396769,425413,2091,1086,20,2014,816486584,425756,2016,1015238741,437178
"MONTEREY",2016,1015238741,437178,2322,132127,NA,2015,889396769,425413,2017,1085600914,442365
"MONTEREY",2016,1015238741,437178,2322,2520,NA,2015,889396769,425413,2017,1085600914,442365
"MONTEREY",2016,1015238741,437178,2322,3876,NA,2015,889396769,425413,2017,1085600914,442365
"MONTEREY",2017,1085600914,442365,2454,1816,NA,2016,1015238741,437178,2018,1251119128,443281
"MONTEREY",2018,1251119128,443281,2822,2225,NA,2017,1085600914,442365,2019,1334500225,445414
"MONTEREY",2019,1334500225,445414,2996,2546,NA,2018,1251119128,443281,2020,1348961143,441143
"NAPA",2014,307365157,139255,2207,4300,9,2013,280823358,138383,2015,323583057,140362
"NAPA",2015,323583057,140362,2305,25118,27,2014,307365157,139255,2016,330137626,142028
"NAPA",2017,370217770,142408,2600,56556,1355,2016,330137626,142028,2018,410620823,141294
"NAPA",2017,370217770,142408,2600,51624,120,2016,330137626,142028,2018,410620823,141294
"NAPA",2017,370217770,142408,2600,36807,5636,2016,330137626,142028,2018,410620823,141294
"NAPA",2018,410620823,141294,2906,2490,NA,2017,370217770,142408,2019,441388573,140779
"NAPA",2018,410620823,141294,2906,90288,29,2017,370217770,142408,2019,441388573,140779
"NEVADA",2015,142883250,98193,1455,2304,2,2014,141331655,97225,2016,147735751,98095
"ORANGE",2017,4412670251,3194024,1382,9217,25,2016,3793514681,3183011,2018,4584568142,3221103
"ORANGE",2017,4412670251,3194024,1382,2662,NA,2016,3793514681,3183011,2018,4584568142,3221103
"ORANGE",2018,4584568142,3221103,1423,23136,24,2017,4412670251,3194024,2019,4909268760,3222498
"PLACER",2013,496785824,357463,1390,27440,NA,2012,492184922,355328,2014,561033320,366115
"PLACER",2016,562674677,373796,1505,5646,NA,2015,547404953,369454,2017,658575612,382837
"PLACER",2018,706198572,389532,1813,1120,NA,2017,658575612,382837,2019,762996372,396691
"PLUMAS",2017,56460600,19819,2849,2575,NA,2016,57739496,19879,2018,64867700,19773
"PLUMAS",2017,56460600,19819,2849,1020,NA,2016,57739496,19879,2018,64867700,19773
"PLUMAS",2017,56460600,19819,2849,4310,NA,2016,57739496,19879,2018,64867700,19773
"PLUMAS",2019,64464586,19779,3259,54612,NA,2018,64867700,19773,2020,67393220,18260
"RIVERSIDE",2013,3158800159,2255059,1401,20292,40,2012,3001667067,2227577,2014,3284411738,2279967
"RIVERSIDE",2013,3158800159,2255059,1401,27531,NA,2012,3001667067,2227577,2014,3284411738,2279967
"RIVERSIDE",2013,3158800159,2255059,1401,1383,NA,2012,3001667067,2227577,2014,3284411738,2279967
"RIVERSIDE",2013,3158800159,2255059,1401,3166,1,2012,3001667067,2227577,2014,3284411738,2279967
"RIVERSIDE",2015,3686292169,2308441,1597,1049,NA,2014,3284411738,2279967,2016,3858788311,2347828
"RIVERSIDE",2016,3858788311,2347828,1644,1470,1,2015,3686292169,2308441,2017,4343263894,2384783
"RIVERSIDE",2017,4343263894,2384783,1821,1350,NA,2016,3858788311,2347828,2018,4422407003,2415955
"RIVERSIDE",2017,4343263894,2384783,1821,1044,NA,2016,3858788311,2347828,2018,4422407003,2415955
"RIVERSIDE",2017,4343263894,2384783,1821,3874,NA,2016,3858788311,2347828,2018,4422407003,2415955
"RIVERSIDE",2017,4343263894,2384783,1821,6309,NA,2016,3858788311,2347828,2018,4422407003,2415955
"RIVERSIDE",2018,4422407003,2415955,1831,13139,12,2017,4343263894,2384783,2019,4804417426,2440124
"RIVERSIDE",2018,4422407003,2415955,1831,1261,NA,2017,4343263894,2384783,2019,4804417426,2440124
"RIVERSIDE",2019,4804417426,2440124,1969,1011,74,2018,4422407003,2415955,2020,5322611767,2442304
"RIVERSIDE",2019,4804417426,2440124,1969,1926,0,2018,4422407003,2415955,2020,5322611767,2442304
"SACRAMENTO",2017,3355290000,1514770,2215,1286,NA,2016,2851784075,1495297,2018,3481911000,1529501
"SAN BENITO",2018,95824947,57088,1679,1314,NA,2017,79747356,56854,2019,106119007,62296
"SAN BERNARDINO",2014,3517791026,2085669,1687,2143,0,2013,3300520586,2076274,2015,3639592464,2104291
"SAN BERNARDINO",2015,3639592464,2104291,1730,4250,68,2014,3517791026,2085669,2016,3639228514,2139570
"SAN BERNARDINO",2015,3639592464,2104291,1730,31359,NA,2014,3517791026,2085669,2016,3639228514,2139570
"SAN BERNARDINO",2016,3639228514,2139570,1701,36274,321,2015,3639592464,2104291,2017,4141319948,2160256
"SAN BERNARDINO",2016,3639228514,2139570,1701,8110,NA,2015,3639592464,2104291,2017,4141319948,2160256
"SAN BERNARDINO",2017,4141319948,2160256,1917,1503,NA,2016,3639228514,2139570,2018,4394560180,2174938
"SAN BERNARDINO",2018,4394560180,2174938,2021,1350,NA,2017,4141319948,2160256,2019,5123350918,2192203
"SAN DIEGO",2013,3726020023,3150178,1183,1271,NA,2012,3636755644,3143429,2014,4051682174,3194362
"SAN DIEGO",2013,3726020023,3150178,1183,2781,NA,2012,3636755644,3143429,2014,4051682174,3194362
"SAN DIEGO",2013,3726020023,3150178,1183,2236,NA,2012,3636755644,3143429,2014,4051682174,3194362
"SAN DIEGO",2013,3726020023,3150178,1183,7055,149,2012,3636755644,3143429,2014,4051682174,3194362
"SAN DIEGO",2014,4051682174,3194362,1268,14416,NA,2013,3726020023,3150178,2015,3961432413,3227496
"SAN DIEGO",2014,4051682174,3194362,1268,5367,NA,2013,3726020023,3150178,2015,3961432413,3227496
"SAN DIEGO",2014,4051682174,3194362,1268,1995,40,2013,3726020023,3150178,2015,3961432413,3227496
"SAN DIEGO",2014,4051682174,3194362,1268,1457,NA,2013,3726020023,3150178,2015,3961432413,3227496
"SAN DIEGO",2014,4051682174,3194362,1268,1548,NA,2013,3726020023,3150178,2015,3961432413,3227496
"SAN DIEGO",2015,3961432413,3227496,1227,1850,NA,2014,4051682174,3194362,2016,4055061156,3288612
"SAN DIEGO",2016,4055061156,3288612,1233,7609,16,2015,3961432413,3227496,2017,4389789349,3316192
"SAN DIEGO",2016,4055061156,3288612,1233,1245,NA,2015,3961432413,3227496,2017,4389789349,3316192
"SAN DIEGO",2017,4389789349,3316192,1324,2056,NA,2016,4055061156,3288612,2018,4872062011,3337456
"SAN DIEGO",2017,4389789349,3316192,1324,1088,NA,2016,4055061156,3288612,2018,4872062011,3337456
"SAN DIEGO",2017,4389789349,3316192,1324,1000,NA,2016,4055061156,3288612,2018,4872062011,3337456
"SAN DIEGO",2017,4389789349,3316192,1324,4100,157,2016,4055061156,3288612,2018,4872062011,3337456
"SAN JOAQUIN",2018,1701785835,758744,2243,12300,1,2017,1439251199,746868,2019,1747994295,770385
"SAN LUIS OBISPO",2015,534080222,274293,1947,1791,23,2014,516562520,272357,2016,536058993,277977
"SAN LUIS OBISPO",2015,534080222,274293,1947,2446,1,2014,516562520,272357,2016,536058993,277977
"SAN LUIS OBISPO",2016,536058993,277977,1928,3712,NA,2015,534080222,274293,2017,604606437,280101
"SAN LUIS OBISPO",2016,536058993,277977,1928,46344,70,2015,534080222,274293,2017,604606437,280101
"SAN LUIS OBISPO",2017,604606437,280101,2159,1598,4,2016,536058993,277977,2018,615588420,280101
"SAN LUIS OBISPO",2017,604606437,280101,2159,1816,NA,2016,536058993,277977,2018,615588420,280101
"SAN LUIS OBISPO",2017,604606437,280101,2159,28687,0,2016,536058993,277977,2018,615588420,280101
"SAN LUIS OBISPO",2018,615588420,280101,2198,1500,NA,2017,604606437,280101,2019,707485856,280393
"SAN LUIS OBISPO",2019,707485856,280393,2523,1764,NA,2018,615588420,280101,2020,714897644,277259
"SAN LUIS OBISPO",2019,707485856,280393,2523,1127,NA,2018,615588420,280101,2020,714897644,277259
"SANTA BARBARA",2013,727377855,429200,1695,1984,NA,2012,721802445,427267,2014,703415222,433398
"SANTA BARBARA",2016,786760668,446717,1761,32606,NA,2015,767674135,437643,2017,880935692,450663
"SANTA BARBARA",2016,786760668,446717,1761,7474,NA,2015,767674135,437643,2017,880935692,450663
"SANTA BARBARA",2016,786760668,446717,1761,12518,NA,2015,767674135,437643,2017,880935692,450663
"SANTA BARBARA",2017,880935692,450663,1955,18430,NA,2016,786760668,446717,2018,917615110,453457
"SANTA BARBARA",2017,880935692,450663,1955,281893,1063,2016,786760668,446717,2018,917615110,453457
"SANTA BARBARA",2018,917615110,453457,2024,1014,NA,2017,880935692,450663,2019,1105431671,454593
"SANTA BARBARA",2019,1105431671,454593,2432,3126,NA,2018,917615110,453457,2020,1137564006,451840
"SANTA CLARA",2016,5077915977,1927888,2634,4474,28,2015,4589941453,1889638,2017,5625107619,1938180
"SHASTA",2013,285317564,178601,1598,8073,201,2012,255221598,177823,2014,282125313,179412
"SHASTA",2014,282125313,179412,1572,32416,21,2013,285317564,178601,2015,279509714,178673
"SHASTA",2014,282125313,179412,1572,12661,20,2013,285317564,178601,2015,279509714,178673
"SHASTA",2014,282125313,179412,1572,6258,NA,2013,285317564,178601,2015,279509714,178673
"SHASTA",2014,282125313,179412,1572,39736,NA,2013,285317564,178601,2015,279509714,178673
"SHASTA",2014,282125313,179412,1572,1375,4,2013,285317564,178601,2015,279509714,178673
"SHASTA",2018,364618422,178271,2045,229651,1614,2017,325291176,178605,2019,380377816,178773
"SHASTA",2018,364618422,178271,2045,1900,NA,2017,325291176,178605,2019,380377816,178773
"SHASTA",2018,364618422,178271,2045,46150,NA,2017,325291176,178605,2019,380377816,178773
"SHASTA",2018,364618422,178271,2045,63311,42,2017,325291176,178605,2019,380377816,178773
"SHASTA",2018,364618422,178271,2045,1678,11,2017,325291176,178605,2019,380377816,178773
"SISKIYOU",2013,84578397,44796,1888,14754,NA,2012,85769449,44639,2014,90699766,45231
"SISKIYOU",2014,90699766,45231,2005,32496,NA,2013,84578397,44796,2015,92420912,45119
"SISKIYOU",2014,90699766,45231,2005,5503,NA,2013,84578397,44796,2015,92420912,45119
"SISKIYOU",2014,90699766,45231,2005,50042,NA,2013,84578397,44796,2015,92420912,45119
"SISKIYOU",2014,90699766,45231,2005,35302,NA,2013,84578397,44796,2015,92420912,45119
"SISKIYOU",2016,88510849,44739,1978,33867,NA,2015,92420912,45119,2017,96104592,44688
"SISKIYOU",2016,88510849,44739,1978,2860,NA,2015,92420912,45119,2017,96104592,44688
"SISKIYOU",2017,96104592,44688,2151,78698,NA,2016,88510849,44739,2018,107583647,44612
"SISKIYOU",2017,96104592,44688,2151,27276,NA,2016,88510849,44739,2018,107583647,44612
"SISKIYOU",2017,96104592,44688,2151,39715,NA,2016,88510849,44739,2018,107583647,44612
"SISKIYOU",2017,96104592,44688,2151,3142,NA,2016,88510849,44739,2018,107583647,44612
"SISKIYOU",2018,107583647,44612,2412,38008,83,2017,96104592,44688,2019,112614732,44584
"SISKIYOU",2019,112614732,44584,2526,1872,NA,2018,107583647,44612,2020,115368433,44461
"SOLANO",2017,713850543,436023,1637,51624,120,2016,655785885,431498,2018,762135735,439793
"SOLANO",2018,762135735,439793,1733,1500,NA,2017,713850543,436023,2019,778984684,441307
"SOLANO",2018,762135735,439793,1733,4500,NA,2017,713850543,436023,2019,778984684,441307
"SOLANO",2018,762135735,439793,1733,2162,1,2017,713850543,436023,2019,778984684,441307
"SONOMA",2013,807618219,490423,1647,3505,1,2012,764467267,487011,2014,872800335,490486
"SONOMA",2016,897391618,501959,1788,1547,NA,2015,869159373,496253,2017,1070620681,505120
"SONOMA",2017,1070620681,505120,2120,36807,5636,2016,897391618,501959,2018,1195437939,503332
"SONOMA",2017,1070620681,505120,2120,1868,NA,2016,897391618,501959,2018,1195437939,503332
"SONOMA",2017,1070620681,505120,2120,56556,1355,2016,897391618,501959,2018,1195437939,503332
"SONOMA",2017,1070620681,505120,2120,17357,6,2016,897391618,501959,2018,1195437939,503332
"SONOMA",2017,1070620681,505120,2120,1660,NA,2016,897391618,501959,2018,1195437939,503332
"SONOMA",2019,1266760855,500675,2530,77758,374,2018,1195437939,503332,2020,1261114099,492980
"STANISLAUS",2017,1039155522,548057,1896,1749,NA,2016,888198544,540214,2018,1106325374,555624
"STANISLAUS",2017,1039155522,548057,1896,5247,NA,2016,888198544,540214,2018,1106325374,555624
"STANISLAUS",2019,1180957213,558972,2113,2422,NA,2018,1106325374,555624,2020,1417590466,557709
"SUTTER",2018,193095959,97238,1986,1200,NA,2017,161056973,96956,2019,236018824,97490
"SUTTER",2019,236018824,97490,2421,1350,NA,2018,193095959,97238,2020,219836204,100750
"TEHAMA",2013,103104029,63772,1617,11429,NA,2012,95863453,63177,2014,122148170,63717
"TEHAMA",2013,103104029,63772,1617,6965,NA,2012,95863453,63177,2014,122148170,63717
"TEHAMA",2018,129771624,64039,2026,3889,NA,2017,129744232,63995,2019,141114148,64387
"TEHAMA",2018,129771624,64039,2026,2956,5,2017,129744232,63995,2019,141114148,64387
"TEHAMA",2018,129771624,64039,2026,3716,NA,2017,129744232,63995,2019,141114148,64387
"TEHAMA",2019,141114148,64387,2192,2534,NA,2018,129771624,64039,2020,151252671,65129
"TEHAMA",2019,141114148,64387,2192,8838,2,2018,129771624,64039,2020,151252671,65129
"TEHAMA",2019,141114148,64387,2192,5332,NA,2018,129771624,64039,2020,151252671,65129
"TRINITY",2015,50487997,13571,3720,36503,NA,2014,46641275,13389,2016,55094161,13667
"TRINITY",2015,50487997,13571,3720,1542,NA,2014,46641275,13389,2016,55094161,13667
"TRINITY",2015,50487997,13571,3720,77081,NA,2014,46641275,13389,2016,55094161,13667
"TRINITY",2015,50487997,13571,3720,29416,NA,2014,46641275,13389,2016,55094161,13667
"TRINITY",2017,52351633,13628,3841,13417,NA,2016,55094161,13667,2018,61360368,13635
"TRINITY",2017,52351633,13628,3841,4736,NA,2016,55094161,13667,2018,61360368,13635
"TRINITY",2017,52351633,13628,3841,21846,NA,2016,55094161,13667,2018,61360368,13635
"TRINITY",2018,61360368,13635,4500,1751,NA,2017,52351633,13628,2019,60099392,13688
"TRINITY",2018,61360368,13635,4500,229651,1614,2017,52351633,13628,2019,60099392,13688
"TRINITY",2018,61360368,13635,4500,63311,42,2017,52351633,13628,2019,60099392,13688
"TULARE",2013,669540337,455599,1470,2060,NA,2012,667133295,450840,2014,689923821,459446
"TULARE",2015,711263207,462189,1539,6980,NA,2014,689923821,459446,2016,750322651,466339
"TULARE",2016,750322651,466339,1609,4347,NA,2015,711263207,462189,2017,833047726,471842
"TULARE",2017,833047726,471842,1766,2295,NA,2016,750322651,466339,2018,907474356,475834
"TULARE",2017,833047726,471842,1766,2289,NA,2016,750322651,466339,2018,907474356,475834
"TULARE",2017,833047726,471842,1766,18900,NA,2016,750322651,466339,2018,907474356,475834
"TULARE",2017,833047726,471842,1766,36556,2,2016,750322651,466339,2018,907474356,475834
"TULARE",2017,833047726,471842,1766,16031,NA,2016,750322651,466339,2018,907474356,475834
"TUOLUMNE",2013,100646436,54360,1851,257314,NA,2012,103688846,53834,2014,103434997,53604
"TUOLUMNE",2013,100646436,54360,1851,1070,NA,2012,103688846,53834,2014,103434997,53604
"TUOLUMNE",2016,119346186,54900,2174,1080,NA,2015,115533216,54337,2017,146765324,54707
"TUOLUMNE",2018,153248781,54740,2800,36450,NA,2017,146765324,54707,2019,176162121,54590
"VENTURA",2013,1378237404,835436,1650,24251,10,2012,1328768893,832970,2014,1461065531,842967
"VENTURA",2013,1378237404,835436,1650,4346,NA,2012,1328768893,832970,2014,1461065531,842967
"VENTURA",2016,1545674626,856508,1805,2304,NA,2015,1507676039,848073,2017,1900770086,857386
"VENTURA",2017,1900770086,857386,2217,281893,1063,2016,1545674626,856508,2018,1993356302,859073
"VENTURA",2018,1993356302,859073,2320,4531,4,2017,1900770086,857386,2019,2338009501,856598
"VENTURA",2018,1993356302,859073,2320,96949,1643,2017,1900770086,857386,2019,2338009501,856598
"VENTURA",2019,2338009501,856598,2729,9999,4,2018,1993356302,859073,2020,2402570115,842886
"VENTURA",2019,2338009501,856598,2729,1806,NA,2018,1993356302,859073,2020,2402570115,842886
"YOLO",2014,290297398,206381,1407,6488,NA,2013,287170871,205999,2015,282337607,209393
"YOLO",2016,312607775,214555,1457,5731,2,2015,282337607,209393,2017,329855079,218896
"YOLO",2017,329855079,218896,1507,2269,NA,2016,312607775,214555,2018,388966661,221270
"YOLO",2018,388966661,221270,1758,90288,29,2017,329855079,218896,2019,427372305,222581
"YOLO",2019,427372305,222581,1920,2512,7,2018,388966661,221270,2020,444069628,221705
"YUBA",2017,171928957,74577,2305,9989,264,2016,169254751,74345,2018,201513652,74727
